pu,borough,part,lon,lat
2,Queens,0,-73.82338,40.63899
2,Queens,0,-73.82108,40.62973
2,Queens,0,-73.81991,40.62784
2,Queens,0,-73.81796,40.62711
2,Queens,0,-73.8177,40.62596
2,Queens,0,-73.81611,40.6246
2,Queens,0,-73.81673,40.62387
2,Queens,0,-73.81795,40.62409
2,Queens,0,-73.81892,40.62309
2,Queens,0,-73.81779,40.62163
2,Queens,0,-73.81653,40.622
2,Queens,0,-73.81571,40.62149
2,Queens,0,-73.81543,40.62012
2,Queens,0,-73.81718,40.61927
2,Queens,0,-73.81777,40.6175
2,Queens,0,-73.81653,40.61495
2,Queens,0,-73.82142,40.61505
2,Queens,0,-73.82382,40.6115
2,Queens,0,-73.82575,40.61419
2,Queens,0,-73.82726,40.61338
2,Queens,0,-73.82788,40.6137
2,Queens,0,-73.8275,40.6142
2,Queens,0,-73.83055,40.61493
2,Queens,0,-73.83434,40.61437
2,Queens,0,-73.83777,40.61552
2,Queens,0,-73.83496,40.61778
2,Queens,0,-73.83575,40.61961
2,Queens,0,-73.83477,40.61984
2,Queens,0,-73.83531,40.62015
2,Queens,0,-73.83465,40.622
2,Queens,0,-73.83535,40.6237
2,Queens,0,-73.83514,40.62549
2,Queens,0,-73.83342,40.62678
2,Queens,0,-73.83464,40.62743
2,Queens,0,-73.83196,40.62965
2,Queens,0,-73.83115,40.63256
2,Queens,0,-73.83341,40.6385
2,Queens,0,-73.83222,40.63893
2,Queens,0,-73.82809,40.63588
2,Queens,0,-73.82592,40.63575
2,Queens,0,-73.82443,40.63622
2,Queens,0,-73.82419,40.63995
2,Queens,0,-73.82338,40.63899
3,Bronx,0,-73.84793,40.87134
3,Bronx,0,-73.82951,40.86184
3,Bronx,0,-73.82834,40.86089
3,Bronx,0,-73.82987,40.85974
3,Bronx,0,-73.83682,40.85728
3,Bronx,0,-73.8474,40.85868
3,Bronx,0,-73.85664,40.85812
3,Bronx,0,-73.8578,40.86304
3,Bronx,0,-73.85961,40.86551
3,Bronx,0,-73.86156,40.86555
3,Bronx,0,-73.86138,40.87134
3,Bronx,0,-73.85661,40.87125
3,Bronx,0,-73.85651,40.87422
3,Bronx,0,-73.84793,40.87134
4,Manhattan,0,-73.97177,40.72582
4,Manhattan,0,-73.97348,40.71886
4,Manhattan,0,-73.97722,40.71931
4,Manhattan,0,-73.98382,40.72147
4,Manhattan,0,-73.97803,40.72943
4,Manhattan,0,-73.97205,40.72688
4,Manhattan,0,-73.97177,40.72582
7,Queens,0,-73.91812,40.77003
7,Queens,0,-73.90203,40.76742
7,Queens,0,-73.90779,40.76052
7,Queens,0,-73.90632,40.75984
7,Queens,0,-73.90901,40.75428
7,Queens,0,-73.91023,40.75298
7,Queens,0,-73.91763,40.75386
7,Queens,0,-73.92563,40.75214
7,Queens,0,-73.92416,40.75396
7,Queens,0,-73.93679,40.75988
7,Queens,0,-73.93398,40.76283
7,Queens,0,-73.937,40.76424
7,Queens,0,-73.93601,40.76588
7,Queens,0,-73.93859,40.76682
7,Queens,0,-73.93618,40.76769
7,Queens,0,-73.93494,40.76701
7,Queens,0,-73.93344,40.76882
7,Queens,0,-73.92425,40.76472
7,Queens,0,-73.92219,40.76727
7,Queens,0,-73.91978,40.76615
7,Queens,0,-73.91849,40.76773
7,Queens,0,-73.91996,40.76844
7,Queens,0,-73.91812,40.77003
8,Queens,0,-73.92334,40.77513
8,Queens,0,-73.92398,40.77462
8,Queens,0,-73.92828,40.7769
8,Queens,0,-73.92423,40.7791
8,Queens,0,-73.91996,40.78264
8,Queens,0,-73.91797,40.78126
8,Queens,0,-73.92376,40.77655
8,Queens,0,-73.92334,40.77513
9,Queens,0,-73.78572,40.76292
9,Queens,0,-73.78052,40.75333
9,Queens,0,-73.77574,40.74333
9,Queens,0,-73.79672,40.73842
9,Queens,0,-73.79629,40.73855
9,Queens,0,-73.79722,40.7401
9,Queens,0,-73.79723,40.7417
9,Queens,0,-73.79446,40.74497
9,Queens,0,-73.79472,40.7476
9,Queens,0,-73.7973,40.74944
9,Queens,0,-73.79472,40.75065
9,Queens,0,-73.79493,40.7578
9,Queens,0,-73.79032,40.75782
9,Queens,0,-73.79076,40.76099
9,Queens,0,-73.79344,40.76076
9,Queens,0,-73.79303,40.76462
9,Queens,0,-73.79396,40.7647
9,Queens,0,-73.79318,40.7704
9,Queens,0,-73.78837,40.76444
9,Queens,0,-73.78572,40.76292
10,Queens,0,-73.78327,40.68999
10,Queens,0,-73.78234,40.68841
10,Queens,0,-73.78149,40.6887
10,Queens,0,-73.77967,40.68538
10,Queens,0,-73.777,40.68628
10,Queens,0,-73.77418,40.68324
10,Queens,0,-73.77329,40.68345
10,Queens,0,-73.7722,40.68161
10,Queens,0,-73.78026,40.67784
10,Queens,0,-73.78397,40.67512
10,Queens,0,-73.78574,40.67239
10,Queens,0,-73.78809,40.67301
10,Queens,0,-73.78941,40.66684
10,Queens,0,-73.80156,40.66675
10,Queens,0,-73.80143,40.67367
10,Queens,0,-73.80577,40.68293
10,Queens,0,-73.79898,40.68486
10,Queens,0,-73.79995,40.68683
10,Queens,0,-73.79561,40.68866
10,Queens,0,-73.79391,40.6863
10,Queens,0,-73.78327,40.68999
11,Brooklyn,0,-74.00493,40.60507
11,Brooklyn,0,-73.99559,40.60023
11,Brooklyn,0,-74.002,40.59413
11,Brooklyn,0,-74.00553,40.59754
11,Brooklyn,0,-74.01041,40.60048
11,Brooklyn,0,-74.01478,40.60208
11,Brooklyn,0,-74.01943,40.60287
11,Brooklyn,0,-74.0155,40.60684
11,Brooklyn,0,-74.01702,40.60765
11,Brooklyn,0,-74.0105,40.6139
11,Brooklyn,0,-74.00094,40.60864
11,Brooklyn,0,-74.00493,40.60507
12,Manhattan,0,-74.01669,40.7048
12,Manhattan,0,-74.01426,40.70449
12,Manhattan,0,-74.01377,40.70114
12,Manhattan,0,-74.01422,40.70011
12,Manhattan,0,-74.01464,40.70082
12,Manhattan,0,-74.01507,40.70032
12,Manhattan,0,-74.0151,40.70033
12,Manhattan,0,-74.01467,40.70083
12,Manhattan,0,-74.01765,40.70349
12,Manhattan,0,-74.01669,40.7048
13,Manhattan,0,-74.01244,40.71906
13,Manhattan,0,-74.01427,40.71147
13,Manhattan,0,-74.01669,40.70474
13,Manhattan,0,-74.01782,40.70394
13,Manhattan,0,-74.01845,40.70416
13,Manhattan,0,-74.01748,40.70467
13,Manhattan,0,-74.01889,40.70473
13,Manhattan,0,-74.01934,40.70609
13,Manhattan,0,-74.01819,40.70782
13,Manhattan,0,-74.01886,40.70805
13,Manhattan,0,-74.01777,40.71283
13,Manhattan,0,-74.0178,40.71235
13,Manhattan,0,-74.01662,40.71216
13,Manhattan,0,-74.01632,40.71341
13,Manhattan,0,-74.01754,40.71361
13,Manhattan,0,-74.01772,40.71307
13,Manhattan,0,-74.01671,40.71862
13,Manhattan,0,-74.01321,40.71832
13,Manhattan,0,-74.01303,40.71913
13,Manhattan,0,-74.01244,40.71906
14,Brooklyn,0,-74.03407,40.64431
14,Brooklyn,0,-74.02626,40.64009
14,Brooklyn,0,-74.02695,40.63945
14,Brooklyn,0,-74.02475,40.63812
14,Brooklyn,0,-74.02108,40.64149
14,Brooklyn,0,-74.02176,40.63982
14,Brooklyn,0,-74.02141,40.63858
14,Brooklyn,0,-74.01684,40.63536
14,Brooklyn,0,-74.01602,40.63332
14,Brooklyn,0,-74.01515,40.63322
14,Brooklyn,0,-74.0197,40.62218
14,Brooklyn,0,-74.02009,40.62242
14,Brooklyn,0,-74.02525,40.61668
14,Brooklyn,0,-74.02754,40.61294
14,Brooklyn,0,-74.02638,40.61245
14,Brooklyn,0,-74.02711,40.61024
14,Brooklyn,0,-74.02478,40.6097
14,Brooklyn,0,-74.02458,40.61022
14,Brooklyn,0,-74.0243,40.60946
14,Brooklyn,0,-74.02151,40.60782
14,Brooklyn,0,-74.02248,40.60667
14,Brooklyn,0,-74.02079,40.60567
14,Brooklyn,0,-74.02139,40.60449
14,Brooklyn,0,-74.01869,40.60361
14,Brooklyn,0,-74.01943,40.60287
14,Brooklyn,0,-74.03005,40.60476
14,Brooklyn,0,-74.03213,40.6059
14,Brooklyn,0,-74.03604,40.6093
14,Brooklyn,0,-74.04038,40.61534
14,Brooklyn,0,-74.04189,40.62406
14,Brooklyn,0,-74.04109,40.6301
14,Brooklyn,0,-74.03681,40.63898
14,Brooklyn,0,-74.03876,40.63959
14,Brooklyn,0,-74.03672,40.63914
14,Brooklyn,0,-74.03571,40.64064
14,Brooklyn,0,-74.03676,40.64161
14,Brooklyn,0,-74.03407,40.64431
15,Queens,0,-73.7774,40.7966
15,Queens,0,-73.77438,40.7945
15,Queens,0,-73.77063,40.78846
15,Queens,0,-73.77174,40.78746
15,Queens,0,-73.77427,40.78676
15,Queens,0,-73.77634,40.78849
15,Queens,0,-73.7682,40.77944
15,Queens,0,-73.76702,40.78009
15,Queens,0,-73.76678,40.77981
15,Queens,0,-73.76816,40.7794
15,Queens,0,-73.76782,40.77881
15,Queens,0,-73.76857,40.77911
15,Queens,0,-73.77554,40.77703
15,Queens,0,-73.77584,40.77861
15,Queens,0,-73.79566,40.77304
15,Queens,0,-73.79853,40.77519
15,Queens,0,-73.80379,40.77561
15,Queens,0,-73.80243,40.78607
15,Queens,0,-73.79492,40.78634
15,Queens,0,-73.79058,40.78819
15,Queens,0,-73.79179,40.78935
15,Queens,0,-73.79028,40.79032
15,Queens,0,-73.78568,40.79034
15,Queens,0,-73.78253,40.79128
15,Queens,0,-73.78434,40.79175
15,Queens,0,-73.78175,40.79113
15,Queens,0,-73.78078,40.79299
15,Queens,0,-73.78166,40.79348
15,Queens,0,-73.78072,40.79333
15,Queens,0,-73.78079,40.79404
15,Queens,0,-73.7819,40.7949
15,Queens,0,-73.78325,40.79492
15,Queens,0,-73.782,40.79498
15,Queens,0,-73.77936,40.79669
15,Queens,0,-73.7774,40.7966
16,Queens,0,-73.76857,40.77911
16,Queens,0,-73.76782,40.77881
16,Queens,0,-73.7651,40.7738
16,Queens,0,-73.75894,40.76833
16,Queens,0,-73.75864,40.76736
16,Queens,0,-73.75377,40.7653
16,Queens,0,-73.75922,40.76432
16,Queens,0,-73.75886,40.76327
16,Queens,0,-73.75845,40.76412
16,Queens,0,-73.75785,40.76257
16,Queens,0,-73.75848,40.76199
16,Queens,0,-73.758,40.76038
16,Queens,0,-73.7624,40.7595
16,Queens,0,-73.76184,40.75554
16,Queens,0,-73.75684,40.74932
16,Queens,0,-73.77241,40.74388
16,Queens,0,-73.77574,40.74333
16,Queens,0,-73.78546,40.76259
16,Queens,0,-73.78837,40.76444
16,Queens,0,-73.79566,40.77304
16,Queens,0,-73.77678,40.77841
16,Queens,0,-73.77584,40.77861
16,Queens,0,-73.77554,40.77703
16,Queens,0,-73.76857,40.77911
17,Brooklyn,0,-73.94705,40.70366
17,Brooklyn,0,-73.94193,40.70073
17,Brooklyn,0,-73.94439,40.70042
17,Brooklyn,0,-73.94033,40.67989
17,Brooklyn,0,-73.95337,40.68064
17,Brooklyn,0,-73.95468,40.68724
17,Brooklyn,0,-73.95957,40.68668
17,Brooklyn,0,-73.96029,40.69035
17,Brooklyn,0,-73.95541,40.69091
17,Brooklyn,0,-73.95614,40.69458
17,Brooklyn,0,-73.96016,40.69412
17,Brooklyn,0,-73.96105,40.69833
17,Brooklyn,0,-73.95702,40.69897
17,Brooklyn,0,-73.95746,40.70082
17,Brooklyn,0,-73.95381,40.70318
17,Brooklyn,0,-73.95129,40.70092
17,Brooklyn,0,-73.94705,40.70366
18,Bronx,0,-73.88147,40.86857
18,Bronx,0,-73.88812,40.86425
18,Bronx,0,-73.8889,40.86475
18,Bronx,0,-73.89381,40.85899
18,Bronx,0,-73.89469,40.85943
18,Bronx,0,-73.89574,40.85814
18,Bronx,0,-73.89884,40.85931
18,Bronx,0,-73.89714,40.86245
18,Bronx,0,-73.89944,40.86212
18,Bronx,0,-73.90108,40.86276
18,Bronx,0,-73.8974,40.86747
18,Bronx,0,-73.89438,40.86607
18,Bronx,0,-73.89157,40.86968
18,Bronx,0,-73.88785,40.87211
18,Bronx,0,-73.88937,40.87338
18,Bronx,0,-73.88774,40.87703
18,Bronx,0,-73.88528,40.87922
18,Bronx,0,-73.88346,40.87606
18,Bronx,0,-73.8834,40.87395
18,Bronx,0,-73.88147,40.86857
19,Queens,0,-73.7234,40.75039
19,Queens,0,-73.72259,40.74885
19,Queens,0,-73.7201,40.74978
19,Queens,0,-73.71545,40.73922
19,Queens,0,-73.71148,40.7325
19,Queens,0,-73.7105,40.72723
19,Queens,0,-73.71829,40.72604
19,Queens,0,-73.72816,40.72308
19,Queens,0,-73.72836,40.72361
19,Queens,0,-73.72991,40.72327
19,Queens,0,-73.73147,40.72741
19,Queens,0,-73.74556,40.73064
19,Queens,0,-73.7464,40.73129
19,Queens,0,-73.74672,40.73248
19,Queens,0,-73.74295,40.73546
19,Queens,0,-73.73933,40.73947
19,Queens,0,-73.73242,40.74369
19,Queens,0,-73.72896,40.74763
19,Queens,0,-73.72829,40.74746
19,Queens,0,-73.72766,40.74965
19,Queens,0,-73.72627,40.74931
19,Queens,0,-73.7234,40.75039
20,Bronx,0,-73.88387,40.86429
20,Bronx,0,-73.88061,40.86036
20,Bronx,0,-73.88073,40.85668
20,Bronx,0,-73.88312,40.84822
20,Bronx,0,-73.88988,40.85207
20,Bronx,0,-73.88961,40.85362
20,Bronx,0,-73.8911,40.85678
20,Bronx,0,-73.89113,40.86006
20,Bronx,0,-73.89028,40.86111
20,Bronx,0,-73.89177,40.86187
20,Bronx,0,-73.8889,40.86475
20,Bronx,0,-73.88812,40.86425
20,Bronx,0,-73.88363,40.86726
20,Bronx,0,-73.88268,40.86609
20,Bronx,0,-73.88377,40.86531
20,Bronx,0,-73.88387,40.86429
21,Brooklyn,0,-73.97478,40.61264
21,Brooklyn,0,-73.97403,40.6087
21,Brooklyn,0,-73.97299,40.60881
21,Brooklyn,0,-73.97218,40.60419
21,Brooklyn,0,-73.97291,40.59932
21,Brooklyn,0,-73.97191,40.59942
21,Brooklyn,0,-73.97148,40.59717
21,Brooklyn,0,-73.98036,40.59619
21,Brooklyn,0,-73.97995,40.59407
21,Brooklyn,0,-73.98464,40.59355
21,Brooklyn,0,-73.98602,40.59445
21,Brooklyn,0,-73.98962,40.59098
21,Brooklyn,0,-73.99036,40.59143
21,Brooklyn,0,-73.99331,40.58958
21,Brooklyn,0,-73.99376,40.59033
21,Brooklyn,0,-73.99802,40.58843
21,Brooklyn,0,-73.99867,40.5892
21,Brooklyn,0,-73.99924,40.58894
21,Brooklyn,0,-73.99838,40.58977
21,Brooklyn,0,-73.99884,40.58963
21,Brooklyn,0,-73.99878,40.59031
21,Brooklyn,0,-73.99711,40.59139
21,Brooklyn,0,-73.99806,40.59121
21,Brooklyn,0,-73.99755,40.59192
21,Brooklyn,0,-74.00004,40.5912
21,Brooklyn,0,-73.99901,40.59235
21,Brooklyn,0,-73.99948,40.59297
21,Brooklyn,0,-73.99737,40.59397
21,Brooklyn,0,-73.99634,40.59362
21,Brooklyn,0,-73.99531,40.59443
21,Brooklyn,0,-73.99675,40.59564
21,Brooklyn,0,-73.98685,40.6051
21,Brooklyn,0,-73.98913,40.60646
21,Brooklyn,0,-73.97964,40.61556
21,Brooklyn,0,-73.97478,40.61264
22,Brooklyn,0,-73.99679,40.62683
22,Brooklyn,0,-73.97964,40.61556
22,Brooklyn,0,-73.98913,40.60646
22,Brooklyn,0,-73.98685,40.6051
22,Brooklyn,0,-73.99675,40.59564
22,Brooklyn,0,-73.99531,40.59443
22,Brooklyn,0,-73.99634,40.59362
22,Brooklyn,0,-73.99737,40.59397
22,Brooklyn,0,-74.00106,40.59254
22,Brooklyn,0,-74.002,40.59413
22,Brooklyn,0,-73.99559,40.60023
22,Brooklyn,0,-74.00493,40.60507
22,Brooklyn,0,-74.00094,40.60864
22,Brooklyn,0,-74.0105,40.6139
22,Brooklyn,0,-73.99932,40.62466
22,Brooklyn,0,-73.99771,40.62368
22,Brooklyn,0,-73.99679,40.62683
24,Manhattan,0,-73.95817,40.80058
24,Manhattan,0,-73.96004,40.79804
24,Manhattan,0,-73.97287,40.80336
24,Manhattan,0,-73.97111,40.80579
24,Manhattan,0,-73.95817,40.80058
25,Brooklyn,0,-73.98155,40.68915
25,Brooklyn,0,-73.97804,40.68486
25,Brooklyn,0,-73.98176,40.67931
25,Brooklyn,0,-73.9861,40.68101
25,Brooklyn,0,-73.98653,40.68037
25,Brooklyn,0,-73.98767,40.68082
25,Brooklyn,0,-73.98722,40.68145
25,Brooklyn,0,-73.9949,40.68443
25,Brooklyn,0,-73.99236,40.68969
25,Brooklyn,0,-73.99054,40.68917
25,Brooklyn,0,-73.98903,40.69212
25,Brooklyn,0,-73.98155,40.68915
26,Brooklyn,0,-73.98332,40.64148
26,Brooklyn,0,-73.98042,40.64239
26,Brooklyn,0,-73.97911,40.63544
26,Brooklyn,0,-73.97689,40.63567
26,Brooklyn,0,-73.97605,40.63128
26,Brooklyn,0,-73.97717,40.63075
26,Brooklyn,0,-73.97623,40.62598
26,Brooklyn,0,-73.97726,40.62585
26,Brooklyn,0,-73.97657,40.62199
26,Brooklyn,0,-73.97705,40.62153
26,Brooklyn,0,-73.97539,40.62077
26,Brooklyn,0,-73.97785,40.61729
26,Brooklyn,0,-73.97537,40.61575
26,Brooklyn,0,-73.97548,40.61631
26,Brooklyn,0,-73.97336,40.61654
26,Brooklyn,0,-73.9729,40.61415
26,Brooklyn,0,-73.97517,40.61472
26,Brooklyn,0,-73.97478,40.61264
26,Brooklyn,0,-73.98628,40.61957
26,Brooklyn,0,-73.98569,40.62013
26,Brooklyn,0,-73.99465,40.6257
26,Brooklyn,0,-73.99679,40.62683
26,Brooklyn,0,-73.99724,40.62529
26,Brooklyn,0,-74.00251,40.62847
26,Brooklyn,0,-74.00193,40.62903
26,Brooklyn,0,-74.00702,40.63211
26,Brooklyn,0,-74.00556,40.63308
26,Brooklyn,0,-74.00736,40.63416
26,Brooklyn,0,-73.99918,40.64203
26,Brooklyn,0,-73.99551,40.63981
26,Brooklyn,0,-73.98835,40.64456
26,Brooklyn,0,-73.98332,40.64148
27,Queens,0,-73.86663,40.57306
27,Queens,0,-73.86268,40.56651
27,Queens,0,-73.86349,40.56703
27,Queens,0,-73.86554,40.56657
27,Queens,0,-73.86662,40.56609
27,Queens,0,-73.86631,40.56555
27,Queens,0,-73.86688,40.56608
27,Queens,0,-73.86849,40.56553
27,Queens,0,-73.86825,40.56507
27,Queens,0,-73.86862,40.56554
27,Queens,0,-73.87062,40.56481
27,Queens,0,-73.87028,40.56417
27,Queens,0,-73.87091,40.56476
27,Queens,0,-73.87264,40.56408
27,Queens,0,-73.87238,40.56358
27,Queens,0,-73.87322,40.56406
27,Queens,0,-73.89492,40.55708
27,Queens,0,-73.90279,40.55673
27,Queens,0,-73.90659,40.55571
27,Queens,0,-73.94047,40.54285
27,Queens,0,-73.94074,40.54182
27,Queens,0,-73.94013,40.548
27,Queens,0,-73.94065,40.5525
27,Queens,0,-73.93985,40.55456
27,Queens,0,-73.93571,40.55722
27,Queens,0,-73.93192,40.55782
27,Queens,0,-73.92616,40.56155
27,Queens,0,-73.91766,40.56283
27,Queens,0,-73.91188,40.56499
27,Queens,0,-73.91216,40.56584
27,Queens,0,-73.91197,40.56587
27,Queens,0,-73.91186,40.565
27,Queens,0,-73.91004,40.56479
27,Queens,0,-73.90977,40.56531
27,Queens,0,-73.90972,40.56529
27,Queens,0,-73.90976,40.56428
27,Queens,0,-73.90795,40.56416
27,Queens,0,-73.90798,40.56356
27,Queens,0,-73.90684,40.56286
27,Queens,0,-73.90291,40.56348
27,Queens,0,-73.90122,40.56301
27,Queens,0,-73.89628,40.56523
27,Queens,0,-73.89533,40.56634
27,Queens,0,-73.89566,40.56706
27,Queens,0,-73.89261,40.56859
27,Queens,0,-73.88911,40.56792
27,Queens,0,-73.88431,40.5687
27,Queens,0,-73.88489,40.56847
27,Queens,0,-73.88434,40.56849
27,Queens,0,-73.88446,40.5679
27,Queens,0,-73.88379,40.56812
27,Queens,0,-73.88402,40.5685
27,Queens,0,-73.88358,40.56821
27,Queens,0,-73.8839,40.56891
27,Queens,0,-73.88337,40.56833
27,Queens,0,-73.87781,40.5688
27,Queens,0,-73.86288,40.57606
27,Queens,0,-73.86397,40.57503
27,Queens,0,-73.86361,40.57382
27,Queens,0,-73.86663,40.57306
28,Queens,0,-73.79201,40.71797
28,Queens,0,-73.79362,40.71398
28,Queens,0,-73.79304,40.71071
28,Queens,0,-73.79777,40.70914
28,Queens,0,-73.7987,40.71066
28,Queens,0,-73.80131,40.70974
28,Queens,0,-73.80302,40.70814
28,Queens,0,-73.80166,40.70576
28,Queens,0,-73.80565,40.70467
28,Queens,0,-73.80695,40.70737
28,Queens,0,-73.81201,40.70594
28,Queens,0,-73.81153,40.70227
28,Queens,0,-73.81638,40.70245
28,Queens,0,-73.82045,40.70977
28,Queens,0,-73.82364,40.71267
28,Queens,0,-73.82592,40.71599
28,Queens,0,-73.82187,40.71692
28,Queens,0,-73.8172,40.71584
28,Queens,0,-73.80494,40.716
28,Queens,0,-73.79073,40.71921
28,Queens,0,-73.79201,40.71797
29,Brooklyn,0,-73.96005,40.58327
29,Brooklyn,0,-73.95646,40.58266
29,Brooklyn,0,-73.95414,40.58311
29,Brooklyn,0,-73.95236,40.57427
29,Brooklyn,0,-73.95843,40.57409
29,Brooklyn,0,-73.95899,40.57343
29,Brooklyn,0,-73.95942,40.57518
29,Brooklyn,0,-73.96471,40.57478
29,Brooklyn,0,-73.96889,40.57526
29,Brooklyn,0,-73.96514,40.5911
29,Brooklyn,0,-73.96068,40.5916
29,Brooklyn,0,-73.96005,40.58327
30,Queens,0,-73.82076,40.61523
30,Queens,0,-73.81653,40.61495
30,Queens,0,-73.81475,40.60863
30,Queens,0,-73.81599,40.60573
30,Queens,0,-73.81739,40.60516
30,Queens,0,-73.81849,40.59939
30,Queens,0,-73.82071,40.59517
30,Queens,0,-73.82136,40.59469
30,Queens,0,-73.8248,40.59508
30,Queens,0,-73.83048,40.59459
30,Queens,0,-73.83466,40.59517
30,Queens,0,-73.8344,40.59646
30,Queens,0,-73.83239,40.5978
30,Queens,0,-73.83063,40.59743
30,Queens,0,-73.82948,40.59813
30,Queens,0,-73.82806,40.59768
30,Queens,0,-73.82598,40.59947
30,Queens,0,-73.82465,40.59815
30,Queens,0,-73.82377,40.60004
30,Queens,0,-73.82147,40.59999
30,Queens,0,-73.82444,40.60034
30,Queens,0,-73.82445,40.6008
30,Queens,0,-73.82294,40.60258
30,Queens,0,-73.82247,40.60552
30,Queens,0,-73.8229,40.60585
30,Queens,0,-73.82126,40.607
30,Queens,0,-73.81962,40.61048
30,Queens,0,-73.82088,40.61226
30,Queens,0,-73.82128,40.6111
30,Queens,0,-73.82049,40.61022
30,Queens,0,-73.82161,40.60848
30,Queens,0,-73.82186,40.60987
30,Queens,0,-73.82382,40.6115
30,Queens,0,-73.82235,40.61426
30,Queens,0,-73.82076,40.61523
31,Bronx,0,-73.87094,40.85727
31,Bronx,0,-73.86842,40.85778
31,Bronx,0,-73.8699,40.85587
31,Bronx,0,-73.86823,40.85091
31,Bronx,0,-73.86941,40.84879
31,Bronx,0,-73.86889,40.84811
31,Bronx,0,-73.87109,40.84432
31,Bronx,0,-73.87399,40.84256
31,Bronx,0,-73.87459,40.84152
31,Bronx,0,-73.87817,40.84262
31,Bronx,0,-73.87733,40.84398
31,Bronx,0,-73.88312,40.84822
31,Bronx,0,-73.88073,40.85668
31,Bronx,0,-73.88061,40.86036
31,Bronx,0,-73.88394,40.86495
31,Bronx,0,-73.88268,40.86609
31,Bronx,0,-73.88309,40.86659
31,Bronx,0,-73.87619,40.87048
31,Bronx,0,-73.87255,40.87518
31,Bronx,0,-73.87094,40.87851
31,Bronx,0,-73.86943,40.87813
31,Bronx,0,-73.87031,40.87583
31,Bronx,0,-73.87094,40.85727
32,Bronx,0,-73.85664,40.85812
32,Bronx,0,-73.86819,40.85806
32,Bronx,0,-73.87105,40.8573
32,Bronx,0,-73.87056,40.87151
32,Bronx,0,-73.86138,40.87134
32,Bronx,0,-73.86156,40.86555
32,Bronx,0,-73.85961,40.86551
32,Bronx,0,-73.8578,40.86304
32,Bronx,0,-73.85664,40.85812
33,Brooklyn,0,-73.99619,40.70338
33,Brooklyn,0,-73.99325,40.70241
33,Brooklyn,0,-73.99087,40.70067
33,Brooklyn,0,-73.99143,40.69828
33,Brooklyn,0,-73.99044,40.69383
33,Brooklyn,0,-73.99097,40.69255
33,Brooklyn,0,-73.98903,40.69212
33,Brooklyn,0,-73.99054,40.68917
33,Brooklyn,0,-74.00111,40.69206
33,Brooklyn,0,-74.00174,40.69241
33,Brooklyn,0,-74.00096,40.69407
33,Brooklyn,0,-74.00301,40.69478
33,Brooklyn,0,-74.0024,40.69571
33,Brooklyn,0,-74.00027,40.69497
33,Brooklyn,0,-73.99941,40.69636
33,Brooklyn,0,-74.00043,40.69705
33,Brooklyn,0,-73.99876,40.69712
33,Brooklyn,0,-74.00105,40.69791
33,Brooklyn,0,-74.00049,40.69876
33,Brooklyn,0,-73.99838,40.69806
33,Brooklyn,0,-73.99802,40.69876
33,Brooklyn,0,-74.00002,40.69947
33,Brooklyn,0,-73.99947,40.70032
33,Brooklyn,0,-73.99716,40.69979
33,Brooklyn,0,-73.9967,40.70088
33,Brooklyn,0,-73.99814,40.70152
33,Brooklyn,0,-73.99619,40.70338
34,Brooklyn,0,-73.97232,40.70908
34,Brooklyn,0,-73.97026,40.70689
34,Brooklyn,0,-73.97018,40.70493
34,Brooklyn,0,-73.96752,40.70344
34,Brooklyn,0,-73.96748,40.70395
34,Brooklyn,0,-73.9693,40.70509
34,Brooklyn,0,-73.96929,40.70709
34,Brooklyn,0,-73.96839,40.70683
34,Brooklyn,0,-73.96721,40.70426
34,Brooklyn,0,-73.96218,40.70022
34,Brooklyn,0,-73.96295,40.6976
34,Brooklyn,0,-73.96397,40.69638
34,Brooklyn,0,-73.96939,40.69608
34,Brooklyn,0,-73.96973,40.6978
34,Brooklyn,0,-73.98054,40.69825
34,Brooklyn,0,-73.98074,40.70128
34,Brooklyn,0,-73.97912,40.70553
34,Brooklyn,0,-73.97847,40.70556
34,Brooklyn,0,-73.97885,40.70607
34,Brooklyn,0,-73.97834,40.706
34,Brooklyn,0,-73.97859,40.70498
34,Brooklyn,0,-73.97802,40.70429
34,Brooklyn,0,-73.97721,40.70421
34,Brooklyn,0,-73.97714,40.70301
34,Brooklyn,0,-73.97596,40.70472
34,Brooklyn,0,-73.97693,40.7028
34,Brooklyn,0,-73.97616,40.70217
34,Brooklyn,0,-73.97533,40.70295
34,Brooklyn,0,-73.97601,40.70195
34,Brooklyn,0,-73.97455,40.70159
34,Brooklyn,0,-73.97574,40.69957
34,Brooklyn,0,-73.97412,40.70131
34,Brooklyn,0,-73.97239,40.70017
34,Brooklyn,0,-73.97376,40.70153
34,Brooklyn,0,-73.97319,40.70167
34,Brooklyn,0,-73.97078,40.69998
34,Brooklyn,0,-73.97332,40.70241
34,Brooklyn,0,-73.97284,40.70273
34,Brooklyn,0,-73.96983,40.70025
34,Brooklyn,0,-73.96949,40.70052
34,Brooklyn,0,-73.97284,40.70335
34,Brooklyn,0,-73.96925,40.70136
34,Brooklyn,0,-73.96899,40.70175
34,Brooklyn,0,-73.97231,40.70384
34,Brooklyn,0,-73.97102,40.70382
34,Brooklyn,0,-73.97466,40.70607
34,Brooklyn,0,-73.97348,40.70569
34,Brooklyn,0,-73.97255,40.7062
34,Brooklyn,0,-73.97463,40.70768
34,Brooklyn,0,-73.97424,40.70802
34,Brooklyn,0,-73.9711,40.70585
34,Brooklyn,0,-73.97106,40.70695
34,Brooklyn,0,-73.97276,40.70883
34,Brooklyn,0,-73.97232,40.70908
35,Brooklyn,0,-73.90145,40.66366
35,Brooklyn,0,-73.90066,40.66059
35,Brooklyn,0,-73.89965,40.66074
35,Brooklyn,0,-73.89881,40.65741
35,Brooklyn,0,-73.90049,40.65715
35,Brooklyn,0,-73.90318,40.65531
35,Brooklyn,0,-73.90784,40.65459
35,Brooklyn,0,-73.9074,40.65284
35,Brooklyn,0,-73.90856,40.6521
35,Brooklyn,0,-73.90933,40.65281
35,Brooklyn,0,-73.91012,40.65585
35,Brooklyn,0,-73.91236,40.65551
35,Brooklyn,0,-73.91959,40.662
35,Brooklyn,0,-73.92008,40.65986
35,Brooklyn,0,-73.92638,40.66551
35,Brooklyn,0,-73.90347,40.67551
35,Brooklyn,0,-73.90042,40.66381
35,Brooklyn,0,-73.90145,40.66366
36,Brooklyn,0,-73.92189,40.7094
36,Brooklyn,0,-73.91181,40.70343
36,Brooklyn,0,-73.9129,40.70236
36,Brooklyn,0,-73.91068,40.70105
36,Brooklyn,0,-73.91181,40.69994
36,Brooklyn,0,-73.90426,40.6957
36,Brooklyn,0,-73.9058,40.69413
36,Brooklyn,0,-73.90123,40.69144
36,Brooklyn,0,-73.90406,40.68855
36,Brooklyn,0,-73.93116,40.70377
36,Brooklyn,0,-73.9327,40.70317
36,Brooklyn,0,-73.93392,40.70749
36,Brooklyn,0,-73.92189,40.7094
37,Brooklyn,0,-73.93392,40.70749
37,Brooklyn,0,-73.9327,40.70317
37,Brooklyn,0,-73.93116,40.70377
37,Brooklyn,0,-73.90482,40.68881
37,Brooklyn,0,-73.90406,40.68855
37,Brooklyn,0,-73.9018,40.69077
37,Brooklyn,0,-73.90042,40.68818
37,Brooklyn,0,-73.90116,40.68788
37,Brooklyn,0,-73.89647,40.68234
37,Brooklyn,0,-73.89704,40.68056
37,Brooklyn,0,-73.89827,40.67973
37,Brooklyn,0,-73.90047,40.67954
37,Brooklyn,0,-73.90262,40.68066
37,Brooklyn,0,-73.90405,40.67922
37,Brooklyn,0,-73.93857,40.69885
37,Brooklyn,0,-73.94395,40.69822
37,Brooklyn,0,-73.94439,40.70042
37,Brooklyn,0,-73.94042,40.70108
37,Brooklyn,0,-73.94103,40.70464
37,Brooklyn,0,-73.94273,40.70447
37,Brooklyn,0,-73.94379,40.7109
37,Brooklyn,0,-73.94042,40.71122
37,Brooklyn,0,-73.94069,40.71196
37,Brooklyn,0,-73.9348,40.71337
37,Brooklyn,0,-73.9323,40.70775
37,Brooklyn,0,-73.93392,40.70749
38,Queens,0,-73.74078,40.70268
38,Queens,0,-73.7343,40.70248
38,Queens,0,-73.73426,40.70322
38,Queens,0,-73.72678,40.70306
38,Queens,0,-73.72586,40.68324
38,Queens,0,-73.74755,40.68935
38,Queens,0,-73.74468,40.69341
38,Queens,0,-73.74359,40.69622
38,Queens,0,-73.74618,40.69612
38,Queens,0,-73.74773,40.69955
38,Queens,0,-73.745,40.70026
38,Queens,0,-73.74591,40.70229
38,Queens,0,-73.74109,40.70348
38,Queens,0,-73.7405,40.70343
38,Queens,0,-73.74078,40.70268
39,Brooklyn,0,-73.89122,40.64999
39,Brooklyn,0,-73.89057,40.64921
39,Brooklyn,0,-73.8911,40.64881
39,Brooklyn,0,-73.8888,40.64605
39,Brooklyn,0,-73.88938,40.64697
39,Brooklyn,0,-73.88808,40.64662
39,Brooklyn,0,-73.88829,40.64604
39,Brooklyn,0,-73.88741,40.64533
39,Brooklyn,0,-73.88806,40.64512
39,Brooklyn,0,-73.88734,40.64522
39,Brooklyn,0,-73.88624,40.64382
39,Brooklyn,0,-73.88374,40.64245
39,Brooklyn,0,-73.87954,40.63822
39,Brooklyn,0,-73.87864,40.63829
39,Brooklyn,0,-73.87714,40.63598
39,Brooklyn,0,-73.87821,40.63457
39,Brooklyn,0,-73.88364,40.63094
39,Brooklyn,0,-73.88345,40.62991
39,Brooklyn,0,-73.88405,40.62956
39,Brooklyn,0,-73.88263,40.62827
39,Brooklyn,0,-73.88369,40.62756
39,Brooklyn,0,-73.88513,40.62883
39,Brooklyn,0,-73.88753,40.62833
39,Brooklyn,0,-73.89049,40.62622
39,Brooklyn,0,-73.89238,40.62373
39,Brooklyn,0,-73.89577,40.62252
39,Brooklyn,0,-73.89826,40.62299
39,Brooklyn,0,-73.90115,40.62569
39,Brooklyn,0,-73.90413,40.62631
39,Brooklyn,0,-73.91633,40.63204
39,Brooklyn,0,-73.91861,40.63209
39,Brooklyn,0,-73.91995,40.64471
39,Brooklyn,0,-73.9183,40.64581
39,Brooklyn,0,-73.90945,40.65152
39,Brooklyn,0,-73.90398,40.64663
39,Brooklyn,0,-73.89586,40.65188
39,Brooklyn,0,-73.89761,40.65345
39,Brooklyn,0,-73.89355,40.6552
39,Brooklyn,0,-73.89001,40.65115
39,Brooklyn,0,-73.89122,40.64999
40,Brooklyn,0,-74.00005,40.6828
40,Brooklyn,0,-73.99621,40.68172
40,Brooklyn,0,-73.9949,40.68443
40,Brooklyn,0,-73.98722,40.68145
40,Brooklyn,0,-73.9907,40.67581
40,Brooklyn,0,-73.99506,40.67584
40,Brooklyn,0,-73.99862,40.67183
40,Brooklyn,0,-74.00329,40.67964
40,Brooklyn,0,-74.00065,40.68525
40,Brooklyn,0,-73.99908,40.68482
40,Brooklyn,0,-74.00005,40.6828
41,Manhattan,0,-73.9521,40.81144
41,Manhattan,0,-73.94177,40.80709
41,Manhattan,0,-73.94275,40.80574
41,Manhattan,0,-73.9443,40.80639
41,Manhattan,0,-73.94524,40.80514
41,Manhattan,0,-73.94613,40.80388
41,Manhattan,0,-73.9446,40.80323
41,Manhattan,0,-73.94922,40.79691
41,Manhattan,0,-73.95965,40.80116
41,Manhattan,0,-73.95825,40.80311
41,Manhattan,0,-73.95818,40.8056
41,Manhattan,0,-73.95497,40.81006
41,Manhattan,0,-73.95358,40.80948
41,Manhattan,0,-73.9521,40.81144
42,Manhattan,0,-73.93436,40.8362
42,Manhattan,0,-73.93517,40.83287
42,Manhattan,0,-73.93383,40.81952
42,Manhattan,0,-73.9344,40.81967
42,Manhattan,0,-73.93445,40.81719
42,Manhattan,0,-73.93902,40.81086
42,Manhattan,0,-73.93581,40.8095
42,Manhattan,0,-73.93854,40.80573
42,Manhattan,0,-73.9521,40.81144
42,Manhattan,0,-73.9492,40.81472
42,Manhattan,0,-73.94608,40.82126
42,Manhattan,0,-73.94515,40.82088
42,Manhattan,0,-73.93925,40.8283
42,Manhattan,0,-73.93864,40.82974
42,Manhattan,0,-73.94017,40.83038
42,Manhattan,0,-73.93868,40.8328
42,Manhattan,0,-73.93436,40.8362
43,Manhattan,0,-73.94922,40.79691
43,Manhattan,0,-73.97301,40.76428
43,Manhattan,0,-73.98136,40.76784
43,Manhattan,0,-73.98165,40.76844
43,Manhattan,0,-73.95817,40.80058
43,Manhattan,0,-73.94922,40.79691
45,Manhattan,0,-73.9975,40.71407
45,Manhattan,0,-73.99256,40.71439
45,Manhattan,0,-73.99191,40.70953
45,Manhattan,0,-73.99919,40.70795
45,Manhattan,0,-74.00366,40.71149
45,Manhattan,0,-74.00589,40.71201
45,Manhattan,0,-74.00272,40.71439
45,Manhattan,0,-73.99996,40.71802
45,Manhattan,0,-73.99606,40.71623
45,Manhattan,0,-73.9975,40.71407
46,Bronx,0,-73.79019,40.85861
46,Bronx,0,-73.78898,40.85847
46,Bronx,0,-73.78878,40.85742
46,Bronx,0,-73.78804,40.85756
46,Bronx,0,-73.78878,40.8574
46,Bronx,0,-73.7889,40.85657
46,Bronx,0,-73.78848,40.8544
46,Bronx,0,-73.78691,40.85406
46,Bronx,0,-73.78796,40.85347
46,Bronx,0,-73.78588,40.85179
46,Bronx,0,-73.78338,40.85159
46,Bronx,0,-73.7846,40.8511
46,Bronx,0,-73.78384,40.85069
46,Bronx,0,-73.7842,40.85006
46,Bronx,0,-73.78304,40.84907
46,Bronx,0,-73.78154,40.8494
46,Bronx,0,-73.78214,40.8491
46,Bronx,0,-73.78149,40.84858
46,Bronx,0,-73.78267,40.84814
46,Bronx,0,-73.78098,40.84846
46,Bronx,0,-73.78264,40.84807
46,Bronx,0,-73.78148,40.84788
46,Bronx,0,-73.78216,40.84664
46,Bronx,0,-73.7804,40.84693
46,Bronx,0,-73.78115,40.84625
46,Bronx,0,-73.78111,40.84675
46,Bronx,0,-73.78174,40.84641
46,Bronx,0,-73.78109,40.8468
46,Bronx,0,-73.78251,40.84641
46,Bronx,0,-73.7825,40.84566
46,Bronx,0,-73.78309,40.84552
46,Bronx,0,-73.78315,40.84531
46,Bronx,0,-73.78307,40.84551
46,Bronx,0,-73.78242,40.84568
46,Bronx,0,-73.78182,40.84576
46,Bronx,0,-73.78306,40.84509
46,Bronx,0,-73.78182,40.84548
46,Bronx,0,-73.78307,40.84506
46,Bronx,0,-73.78315,40.8453
46,Bronx,0,-73.78337,40.84444
46,Bronx,0,-73.78348,40.84368
46,Bronx,0,-73.78291,40.84394
46,Bronx,0,-73.78053,40.84453
46,Bronx,0,-73.77993,40.84388
46,Bronx,0,-73.78053,40.84445
46,Bronx,0,-73.7804,40.84397
46,Bronx,0,-73.78058,40.84443
46,Bronx,0,-73.78088,40.84386
46,Bronx,0,-73.78155,40.84422
46,Bronx,0,-73.78138,40.8437
46,Bronx,0,-73.78201,40.84411
46,Bronx,0,-73.78183,40.84358
46,Bronx,0,-73.78244,40.84401
46,Bronx,0,-73.78225,40.84344
46,Bronx,0,-73.78282,40.84392
46,Bronx,0,-73.78257,40.84329
46,Bronx,0,-73.78309,40.84369
46,Bronx,0,-73.78287,40.84312
46,Bronx,0,-73.78313,40.8437
46,Bronx,0,-73.78281,40.84378
46,Bronx,0,-73.78284,40.84389
46,Bronx,0,-73.78347,40.84365
46,Bronx,0,-73.78289,40.84249
46,Bronx,0,-73.78244,40.84304
46,Bronx,0,-73.7818,40.8427
46,Bronx,0,-73.78193,40.84323
46,Bronx,0,-73.78125,40.8428
46,Bronx,0,-73.78143,40.84337
46,Bronx,0,-73.78067,40.84291
46,Bronx,0,-73.78083,40.84351
46,Bronx,0,-73.7803,40.84297
46,Bronx,0,-73.78023,40.84378
46,Bronx,0,-73.78023,40.84288
46,Bronx,0,-73.78286,40.84248
46,Bronx,0,-73.7806,40.84279
46,Bronx,0,-73.78237,40.84243
46,Bronx,0,-73.78162,40.84233
46,Bronx,0,-73.78231,40.84221
46,Bronx,0,-73.78233,40.84192
46,Bronx,0,-73.78144,40.84214
46,Bronx,0,-73.78217,40.84169
46,Bronx,0,-73.78043,40.84249
46,Bronx,0,-73.7802,40.84205
46,Bronx,0,-73.78185,40.84165
46,Bronx,0,-73.78166,40.84112
46,Bronx,0,-73.7808,40.84126
46,Bronx,0,-73.78165,40.8411
46,Bronx,0,-73.78114,40.83949
46,Bronx,0,-73.78188,40.83765
46,Bronx,0,-73.78291,40.83732
46,Bronx,0,-73.78282,40.83634
46,Bronx,0,-73.78338,40.83691
46,Bronx,0,-73.78498,40.83675
46,Bronx,0,-73.7845,40.83706
46,Bronx,0,-73.78485,40.83747
46,Bronx,0,-73.78564,40.83706
46,Bronx,0,-73.78583,40.83721
46,Bronx,0,-73.78517,40.83747
46,Bronx,0,-73.78574,40.83923
46,Bronx,0,-73.78741,40.83968
46,Bronx,0,-73.78749,40.84084
46,Bronx,0,-73.78816,40.84049
46,Bronx,0,-73.78761,40.8412
46,Bronx,0,-73.78837,40.8415
46,Bronx,0,-73.78802,40.84178
46,Bronx,0,-73.78906,40.84324
46,Bronx,0,-73.78993,40.84304
46,Bronx,0,-73.78947,40.84429
46,Bronx,0,-73.79179,40.84673
46,Bronx,0,-73.79101,40.84899
46,Bronx,0,-73.78976,40.84953
46,Bronx,0,-73.78986,40.84997
46,Bronx,0,-73.79095,40.84974
46,Bronx,0,-73.79099,40.84983
46,Bronx,0,-73.78987,40.84999
46,Bronx,0,-73.79041,40.85027
46,Bronx,0,-73.78992,40.85061
46,Bronx,0,-73.79102,40.85043
46,Bronx,0,-73.78951,40.8513
46,Bronx,0,-73.79099,40.85126
46,Bronx,0,-73.78966,40.8515
46,Bronx,0,-73.79089,40.85155
46,Bronx,0,-73.7902,40.85175
46,Bronx,0,-73.79046,40.85177
46,Bronx,0,-73.79008,40.85203
46,Bronx,0,-73.79016,40.85225
46,Bronx,0,-73.79016,40.85204
46,Bronx,0,-73.79249,40.85155
46,Bronx,0,-73.79017,40.85228
46,Bronx,0,-73.79312,40.85158
46,Bronx,0,-73.79138,40.8526
46,Bronx,0,-73.79341,40.85202
46,Bronx,0,-73.79351,40.85226
46,Bronx,0,-73.79042,40.85302
46,Bronx,0,-73.79282,40.85249
46,Bronx,0,-73.79081,40.8532
46,Bronx,0,-73.79127,40.85371
46,Bronx,0,-73.79288,40.85294
46,Bronx,0,-73.79304,40.85337
46,Bronx,0,-73.79106,40.85392
46,Bronx,0,-73.79246,40.8536
46,Bronx,0,-73.79107,40.85394
46,Bronx,0,-73.79254,40.85385
46,Bronx,0,-73.79129,40.85458
46,Bronx,0,-73.7925,40.85579
46,Bronx,0,-73.79202,40.85618
46,Bronx,0,-73.79271,40.85619
46,Bronx,0,-73.79269,40.85634
46,Bronx,0,-73.79316,40.85635
46,Bronx,0,-73.79315,40.85647
46,Bronx,0,-73.79201,40.85623
46,Bronx,0,-73.79309,40.85669
46,Bronx,0,-73.79189,40.85657
46,Bronx,0,-73.79171,40.85685
46,Bronx,0,-73.79283,40.85744
46,Bronx,0,-73.79301,40.857
46,Bronx,0,-73.79288,40.85748
46,Bronx,0,-73.79186,40.857
46,Bronx,0,-73.79268,40.85742
46,Bronx,0,-73.79189,40.85744
46,Bronx,0,-73.79257,40.85764
46,Bronx,0,-73.7924,40.85785
46,Bronx,0,-73.79174,40.85739
46,Bronx,0,-73.79184,40.85703
46,Bronx,0,-73.79094,40.85755
46,Bronx,0,-73.79179,40.85778
46,Bronx,0,-73.79144,40.85815
46,Bronx,0,-73.79093,40.85757
46,Bronx,0,-73.79019,40.85861
47,Bronx,0,-73.89039,40.85469
47,Bronx,0,-73.89217,40.85277
47,Bronx,0,-73.89307,40.85325
47,Bronx,0,-73.89432,40.85189
47,Bronx,0,-73.89479,40.85108
47,Bronx,0,-73.89407,40.85071
47,Bronx,0,-73.89618,40.84666
47,Bronx,0,-73.8929,40.84627
47,Bronx,0,-73.89538,40.84294
47,Bronx,0,-73.89666,40.84352
47,Bronx,0,-73.90553,40.8291
47,Bronx,0,-73.91049,40.83074
47,Bronx,0,-73.90538,40.83977
47,Bronx,0,-73.90483,40.8448
47,Bronx,0,-73.90134,40.84443
47,Bronx,0,-73.89106,40.86153
47,Bronx,0,-73.89028,40.86111
47,Bronx,0,-73.89113,40.86006
47,Bronx,0,-73.89109,40.8566
47,Bronx,0,-73.89039,40.85469
48,Manhattan,0,-73.98237,40.76739
48,Manhattan,0,-73.99163,40.75471
48,Manhattan,0,-73.99731,40.75711
48,Manhattan,0,-73.98806,40.76979
48,Manhattan,0,-73.98237,40.76739
49,Brooklyn,0,-73.96105,40.69833
49,Brooklyn,0,-73.96016,40.69412
49,Brooklyn,0,-73.95614,40.69458
49,Brooklyn,0,-73.95541,40.69091
49,Brooklyn,0,-73.96029,40.69035
49,Brooklyn,0,-73.95957,40.68668
49,Brooklyn,0,-73.95468,40.68724
49,Brooklyn,0,-73.95328,40.6802
49,Brooklyn,0,-73.95544,40.67996
49,Brooklyn,0,-73.95529,40.6792
49,Brooklyn,0,-73.96869,40.68201
49,Brooklyn,0,-73.97013,40.68951
49,Brooklyn,0,-73.9691,40.68947
49,Brooklyn,0,-73.96983,40.69313
49,Brooklyn,0,-73.96881,40.69312
49,Brooklyn,0,-73.96939,40.69608
49,Brooklyn,0,-73.96455,40.69611
49,Brooklyn,0,-73.96284,40.69804
49,Brooklyn,0,-73.96105,40.69833
50,Manhattan,0,-73.99668,40.77351
50,Manhattan,0,-73.99416,40.77249
50,Manhattan,0,-73.99383,40.77293
50,Manhattan,0,-73.99387,40.77224
50,Manhattan,0,-73.98806,40.76979
50,Manhattan,0,-73.99547,40.75963
50,Manhattan,0,-74.00376,40.76358
50,Manhattan,0,-74.00139,40.76285
50,Manhattan,0,-74.00097,40.76342
50,Manhattan,0,-74.00311,40.76475
50,Manhattan,0,-73.99993,40.76341
50,Manhattan,0,-73.99915,40.76421
50,Manhattan,0,-74.00227,40.76553
50,Manhattan,0,-74.00202,40.76589
50,Manhattan,0,-73.99888,40.76457
50,Manhattan,0,-73.99858,40.765
50,Manhattan,0,-73.99828,40.76557
50,Manhattan,0,-74.00157,40.76698
50,Manhattan,0,-73.99807,40.76587
50,Manhattan,0,-73.99738,40.76682
50,Manhattan,0,-74.00065,40.76825
50,Manhattan,0,-73.99716,40.76713
50,Manhattan,0,-73.99646,40.7681
50,Manhattan,0,-73.99974,40.76951
50,Manhattan,0,-73.99707,40.76873
50,Manhattan,0,-73.99657,40.76942
50,Manhattan,0,-73.99903,40.77046
50,Manhattan,0,-73.99876,40.77083
50,Manhattan,0,-73.99631,40.7698
50,Manhattan,0,-73.99542,40.77103
50,Manhattan,0,-73.9959,40.77145
50,Manhattan,0,-73.99494,40.77147
50,Manhattan,0,-73.99711,40.77255
50,Manhattan,0,-73.99477,40.77193
50,Manhattan,0,-73.99445,40.77238
50,Manhattan,0,-73.99668,40.77351
51,Bronx,0,-73.82092,40.86892
51,Bronx,0,-73.81579,40.86576
51,Bronx,0,-73.82038,40.86103
51,Bronx,0,-73.827,40.85909
51,Bronx,0,-73.82955,40.86216
51,Bronx,0,-73.83316,40.86832
51,Bronx,0,-73.83566,40.86751
51,Bronx,0,-73.83829,40.87295
51,Bronx,0,-73.83746,40.87322
51,Bronx,0,-73.83925,40.87662
51,Bronx,0,-73.83815,40.87695
51,Bronx,0,-73.84324,40.87911
51,Bronx,0,-73.83664,40.88212
51,Bronx,0,-73.83342,40.88428
51,Bronx,0,-73.83065,40.88485
51,Bronx,0,-73.82387,40.88778
51,Bronx,0,-73.82077,40.88671
51,Bronx,0,-73.81993,40.88212
51,Bronx,0,-73.8233,40.8731
51,Bronx,0,-73.82092,40.86892
52,Brooklyn,0,-73.99236,40.68969
52,Brooklyn,0,-73.99621,40.68172
52,Brooklyn,0,-74.00005,40.6828
52,Brooklyn,0,-73.99908,40.68482
52,Brooklyn,0,-74.00065,40.68525
52,Brooklyn,0,-73.99777,40.69119
52,Brooklyn,0,-73.99236,40.68969
53,Queens,0,-73.83787,40.79844
53,Queens,0,-73.83919,40.79778
53,Queens,0,-73.84026,40.79759
53,Queens,0,-73.83997,40.79691
53,Queens,0,-73.8384,40.79676
53,Queens,0,-73.83663,40.79252
53,Queens,0,-73.84068,40.79391
53,Queens,0,-73.84082,40.7915
53,Queens,0,-73.83896,40.79144
53,Queens,0,-73.83901,40.79062
53,Queens,0,-73.83992,40.79065
53,Queens,0,-73.84008,40.78785
53,Queens,0,-73.83824,40.78779
53,Queens,0,-73.8387,40.78168
53,Queens,0,-73.82514,40.7817
53,Queens,0,-73.83,40.77373
53,Queens,0,-73.83614,40.76953
53,Queens,0,-73.83913,40.76599
53,Queens,0,-73.83975,40.76712
53,Queens,0,-73.84031,40.76629
53,Queens,0,-73.84491,40.76553
53,Queens,0,-73.84781,40.76677
53,Queens,0,-73.84901,40.76922
53,Queens,0,-73.8486,40.76982
53,Queens,0,-73.84977,40.76994
53,Queens,0,-73.84873,40.77011
53,Queens,0,-73.84867,40.77076
53,Queens,0,-73.84994,40.77193
53,Queens,0,-73.85034,40.77174
53,Queens,0,-73.8513,40.77181
53,Queens,0,-73.84995,40.77196
53,Queens,0,-73.84898,40.77356
53,Queens,0,-73.84896,40.77796
53,Queens,0,-73.84993,40.77877
53,Queens,0,-73.84964,40.77948
53,Queens,0,-73.85095,40.77907
53,Queens,0,-73.85149,40.77899
53,Queens,0,-73.84982,40.77963
53,Queens,0,-73.85232,40.77917
53,Queens,0,-73.85239,40.77953
53,Queens,0,-73.84982,40.77965
53,Queens,0,-73.84955,40.77999
53,Queens,0,-73.85169,40.77987
53,Queens,0,-73.85167,40.78004
53,Queens,0,-73.84949,40.78007
53,Queens,0,-73.84989,40.78109
53,Queens,0,-73.85094,40.78112
53,Queens,0,-73.84989,40.78112
53,Queens,0,-73.84925,40.78226
53,Queens,0,-73.85528,40.78198
53,Queens,0,-73.85545,40.78314
53,Queens,0,-73.85631,40.78338
53,Queens,0,-73.85665,40.78289
53,Queens,0,-73.85808,40.78372
53,Queens,0,-73.85798,40.78468
53,Queens,0,-73.85952,40.78556
53,Queens,0,-73.85899,40.78549
53,Queens,0,-73.85813,40.78705
53,Queens,0,-73.85681,40.78667
53,Queens,0,-73.85596,40.78768
53,Queens,0,-73.85284,40.78821
53,Queens,0,-73.8548,40.78862
53,Queens,0,-73.85447,40.79026
53,Queens,0,-73.85266,40.79111
53,Queens,0,-73.85378,40.79242
53,Queens,0,-73.85373,40.79394
53,Queens,0,-73.85263,40.79494
53,Queens,0,-73.84906,40.79336
53,Queens,0,-73.84856,40.7955
53,Queens,0,-73.84625,40.79616
53,Queens,0,-73.8446,40.79491
53,Queens,0,-73.84355,40.79491
53,Queens,0,-73.84331,40.7955
53,Queens,0,-73.84285,40.79521
53,Queens,0,-73.84328,40.79617
53,Queens,0,-73.84281,40.79542
53,Queens,0,-73.84226,40.79558
53,Queens,0,-73.84287,40.79692
53,Queens,0,-73.84159,40.7954
53,Queens,0,-73.84014,40.79688
53,Queens,0,-73.84042,40.79768
53,Queens,0,-73.83921,40.79784
53,Queens,0,-73.83843,40.79838
53,Queens,0,-73.83787,40.79844
54,Brooklyn,0,-74.00174,40.69241
54,Brooklyn,0,-73.99777,40.69119
54,Brooklyn,0,-74.00329,40.67964
54,Brooklyn,0,-74.00596,40.68336
54,Brooklyn,0,-74.00485,40.68567
54,Brooklyn,0,-74.00753,40.68607
54,Brooklyn,0,-74.00702,40.68653
54,Brooklyn,0,-74.00588,40.6862
54,Brooklyn,0,-74.00563,40.68678
54,Brooklyn,0,-74.00783,40.68739
54,Brooklyn,0,-74.00742,40.68821
54,Brooklyn,0,-74.005,40.68761
54,Brooklyn,0,-74.00459,40.68822
54,Brooklyn,0,-74.00678,40.68883
54,Brooklyn,0,-74.00636,40.68967
54,Brooklyn,0,-74.00382,40.68893
54,Brooklyn,0,-74.00341,40.68961
54,Brooklyn,0,-74.00576,40.69024
54,Brooklyn,0,-74.00534,40.69109
54,Brooklyn,0,-74.00096,40.69013
54,Brooklyn,0,-74.0007,40.69061
54,Brooklyn,0,-74.00479,40.69176
54,Brooklyn,0,-74.00441,40.69253
54,Brooklyn,0,-74.00197,40.69184
54,Brooklyn,0,-74.00174,40.69241
55,Brooklyn,0,-73.98672,40.58457
55,Brooklyn,0,-73.97743,40.58291
55,Brooklyn,0,-73.96662,40.58457
55,Brooklyn,0,-73.96889,40.57526
55,Brooklyn,0,-73.96471,40.57478
55,Brooklyn,0,-73.95942,40.57518
55,Brooklyn,0,-73.95939,40.57391
55,Brooklyn,0,-73.96839,40.57315
55,Brooklyn,0,-73.96945,40.57286
55,Brooklyn,0,-73.96925,40.5723
55,Brooklyn,0,-73.97085,40.57277
55,Brooklyn,0,-73.97118,40.57194
55,Brooklyn,0,-73.97161,40.57263
55,Brooklyn,0,-73.9725,40.57258
55,Brooklyn,0,-73.97335,40.57232
55,Brooklyn,0,-73.97325,40.57163
55,Brooklyn,0,-73.97373,40.57229
55,Brooklyn,0,-73.97547,40.57197
55,Brooklyn,0,-73.97541,40.57142
55,Brooklyn,0,-73.97593,40.57202
55,Brooklyn,0,-73.9773,40.57186
55,Brooklyn,0,-73.97767,40.57117
55,Brooklyn,0,-73.97845,40.57189
55,Brooklyn,0,-73.97985,40.57154
55,Brooklyn,0,-73.97944,40.57122
55,Brooklyn,0,-73.98033,40.57174
55,Brooklyn,0,-73.98367,40.57141
55,Brooklyn,0,-73.98304,40.57015
55,Brooklyn,0,-73.98336,40.56953
55,Brooklyn,0,-73.98376,40.5714
55,Brooklyn,0,-73.99079,40.57025
55,Brooklyn,0,-74.00106,40.5704
55,Brooklyn,0,-74.00201,40.57021
55,Brooklyn,0,-74.00209,40.56959
55,Brooklyn,0,-74.00303,40.57219
55,Brooklyn,0,-74.01116,40.57417
55,Brooklyn,0,-74.01202,40.57489
55,Brooklyn,0,-74.01302,40.5778
55,Brooklyn,0,-74.01117,40.58028
55,Brooklyn,0,-74.00605,40.58198
55,Brooklyn,0,-73.99822,40.58147
55,Brooklyn,0,-73.99781,40.5806
55,Brooklyn,0,-73.98814,40.57887
55,Brooklyn,0,-73.9867,40.57981
55,Brooklyn,0,-73.98605,40.58172
55,Brooklyn,0,-73.98801,40.57967
55,Brooklyn,0,-73.98996,40.58066
55,Brooklyn,0,-73.9883,40.58347
55,Brooklyn,0,-73.98654,40.58366
55,Brooklyn,0,-73.98672,40.58457
56,Queens,0,-73.85443,40.74885
56,Queens,0,-73.85012,40.74072
56,Queens,0,-73.8478,40.74005
56,Queens,0,-73.84824,40.73929
56,Queens,0,-73.84751,40.73901
56,Queens,0,-73.85187,40.73734
56,Queens,0,-73.86462,40.73428
56,Queens,0,-73.86756,40.74094
56,Queens,0,-73.86791,40.74493
56,Queens,0,-73.85443,40.74885
57,Queens,0,-73.85086,40.75
57,Queens,0,-73.85443,40.74885
57,Queens,0,-73.85583,40.75158
57,Queens,0,-73.85456,40.75196
57,Queens,0,-73.8558,40.75441
57,Queens,0,-73.85313,40.75511
57,Queens,0,-73.85086,40.75
58,Bronx,0,-73.81507,40.84913
58,Bronx,0,-73.81603,40.8464
58,Bronx,0,-73.81465,40.84722
58,Bronx,0,-73.8157,40.84629
58,Bronx,0,-73.81369,40.84727
58,Bronx,0,-73.81356,40.84715
58,Bronx,0,-73.81491,40.84647
58,Bronx,0,-73.81442,40.84619
58,Bronx,0,-73.81503,40.8455
58,Bronx,0,-73.81319,40.84623
58,Bronx,0,-73.81403,40.84559
58,Bronx,0,-73.81363,40.84528
58,Bronx,0,-73.81336,40.84585
58,Bronx,0,-73.81329,40.84595
58,Bronx,0,-73.81321,40.84592
58,Bronx,0,-73.81326,40.84523
58,Bronx,0,-73.81285,40.84632
58,Bronx,0,-73.81324,40.84524
58,Bronx,0,-73.8131,40.84517
58,Bronx,0,-73.81288,40.84513
58,Bronx,0,-73.81316,40.84521
58,Bronx,0,-73.81286,40.84519
58,Bronx,0,-73.81241,40.84656
58,Bronx,0,-73.81228,40.84654
58,Bronx,0,-73.81286,40.84513
58,Bronx,0,-73.81254,40.84498
58,Bronx,0,-73.81188,40.84659
58,Bronx,0,-73.81244,40.84674
58,Bronx,0,-73.8117,40.84668
58,Bronx,0,-73.81266,40.84421
58,Bronx,0,-73.81312,40.84479
58,Bronx,0,-73.81255,40.84495
58,Bronx,0,-73.81366,40.84506
58,Bronx,0,-73.81414,40.84482
58,Bronx,0,-73.81337,40.8438
58,Bronx,0,-73.81437,40.84309
58,Bronx,0,-73.8157,40.84439
58,Bronx,0,-73.81824,40.84436
58,Bronx,0,-73.81663,40.84394
58,Bronx,0,-73.81572,40.84254
58,Bronx,0,-73.81517,40.84258
58,Bronx,0,-73.8157,40.84252
58,Bronx,0,-73.81526,40.84126
58,Bronx,0,-73.81473,40.84138
58,Bronx,0,-73.81523,40.84101
58,Bronx,0,-73.81431,40.83962
58,Bronx,0,-73.81626,40.83826
58,Bronx,0,-73.81606,40.83603
58,Bronx,0,-73.82463,40.83386
58,Bronx,0,-73.82516,40.83461
58,Bronx,0,-73.82601,40.83402
58,Bronx,0,-73.8254,40.83566
58,Bronx,0,-73.82624,40.84299
58,Bronx,0,-73.82518,40.8427
58,Bronx,0,-73.82496,40.84611
58,Bronx,0,-73.82048,40.8485
58,Bronx,0,-73.82014,40.84802
58,Bronx,0,-73.81507,40.84913
59,Bronx,0,-73.89666,40.84352
59,Bronx,0,-73.88869,40.83916
59,Bronx,0,-73.88814,40.83986
59,Bronx,0,-73.8866,40.83928
59,Bronx,0,-73.8873,40.83813
59,Bronx,0,-73.88841,40.83855
59,Bronx,0,-73.89057,40.8369
59,Bronx,0,-73.89386,40.8364
59,Bronx,0,-73.89697,40.83435
59,Bronx,0,-73.90122,40.83541
59,Bronx,0,-73.89666,40.84352
60,Bronx,0,-73.88006,40.84016
60,Bronx,0,-73.87277,40.83975
60,Bronx,0,-73.8738,40.83745
60,Bronx,0,-73.87491,40.83736
60,Bronx,0,-73.87482,40.83686
60,Bronx,0,-73.87757,40.83582
60,Bronx,0,-73.87925,40.83442
60,Bronx,0,-73.88005,40.8347
60,Bronx,0,-73.8839,40.8298
60,Bronx,0,-73.88352,40.82926
60,Bronx,0,-73.88461,40.82528
60,Bronx,0,-73.8844,40.82297
60,Bronx,0,-73.88753,40.82251
60,Bronx,0,-73.88601,40.82824
60,Bronx,0,-73.88761,40.82934
60,Bronx,0,-73.88991,40.83012
60,Bronx,0,-73.89717,40.83037
60,Bronx,0,-73.8963,40.83354
60,Bronx,0,-73.89697,40.83435
60,Bronx,0,-73.89409,40.8363
60,Bronx,0,-73.89074,40.83683
60,Bronx,0,-73.88841,40.83855
60,Bronx,0,-73.8873,40.83813
60,Bronx,0,-73.88618,40.84011
60,Bronx,0,-73.88275,40.83859
60,Bronx,0,-73.882,40.83744
60,Bronx,0,-73.88006,40.84016
61,Brooklyn,0,-73.92916,40.68344
61,Brooklyn,0,-73.92901,40.6827
61,Brooklyn,0,-73.92281,40.68341
61,Brooklyn,0,-73.92165,40.67887
61,Brooklyn,0,-73.92275,40.6671
61,Brooklyn,0,-73.92872,40.6645
61,Brooklyn,0,-73.92868,40.66509
61,Brooklyn,0,-73.93698,40.66554
61,Brooklyn,0,-73.93675,40.66813
61,Brooklyn,0,-73.94782,40.66878
61,Brooklyn,0,-73.94773,40.66971
61,Brooklyn,0,-73.95527,40.67012
61,Brooklyn,0,-73.96132,40.67141
61,Brooklyn,0,-73.96007,40.67488
61,Brooklyn,0,-73.96318,40.67553
61,Brooklyn,0,-73.96135,40.68046
61,Brooklyn,0,-73.95529,40.6792
61,Brooklyn,0,-73.95544,40.67996
61,Brooklyn,0,-73.95328,40.6802
61,Brooklyn,0,-73.95337,40.68064
61,Brooklyn,0,-73.93435,40.67956
61,Brooklyn,0,-73.93501,40.68276
61,Brooklyn,0,-73.92916,40.68344
62,Brooklyn,0,-73.92868,40.66509
62,Brooklyn,0,-73.93068,40.66362
62,Brooklyn,0,-73.94283,40.66285
62,Brooklyn,0,-73.9427,40.66406
62,Brooklyn,0,-73.94546,40.66423
62,Brooklyn,0,-73.95721,40.66352
62,Brooklyn,0,-73.95729,40.6643
62,Brooklyn,0,-73.95787,40.66427
62,Brooklyn,0,-73.96034,40.66411
62,Brooklyn,0,-73.96096,40.66329
62,Brooklyn,0,-73.96259,40.67171
62,Brooklyn,0,-73.95527,40.67012
62,Brooklyn,0,-73.94773,40.66971
62,Brooklyn,0,-73.94782,40.66878
62,Brooklyn,0,-73.93675,40.66813
62,Brooklyn,0,-73.93698,40.66554
62,Brooklyn,0,-73.92868,40.66509
63,Brooklyn,0,-73.86892,40.69515
63,Brooklyn,0,-73.86603,40.68192
63,Brooklyn,0,-73.8641,40.68237
63,Brooklyn,0,-73.86329,40.67908
63,Brooklyn,0,-73.86235,40.67916
63,Brooklyn,0,-73.86106,40.67434
63,Brooklyn,0,-73.87231,40.67776
63,Brooklyn,0,-73.87532,40.68011
63,Brooklyn,0,-73.88061,40.67911
63,Brooklyn,0,-73.88117,40.68135
63,Brooklyn,0,-73.88489,40.68081
63,Brooklyn,0,-73.88467,40.67994
63,Brooklyn,0,-73.88987,40.6783
63,Brooklyn,0,-73.89622,40.67736
63,Brooklyn,0,-73.89654,40.67859
63,Brooklyn,0,-73.90005,40.67689
63,Brooklyn,0,-73.90405,40.67922
63,Brooklyn,0,-73.90262,40.68066
63,Brooklyn,0,-73.90047,40.67954
63,Brooklyn,0,-73.89786,40.67988
63,Brooklyn,0,-73.89417,40.68528
63,Brooklyn,0,-73.89252,40.68342
63,Brooklyn,0,-73.89015,40.685
63,Brooklyn,0,-73.88963,40.68424
63,Brooklyn,0,-73.88452,40.68668
63,Brooklyn,0,-73.87951,40.69115
63,Brooklyn,0,-73.87402,40.69419
63,Brooklyn,0,-73.86892,40.69515
64,Queens,0,-73.75081,40.78289
64,Queens,0,-73.71352,40.75984
64,Queens,0,-73.71767,40.75931
64,Queens,0,-73.72032,40.7579
64,Queens,0,-73.72327,40.75395
64,Queens,0,-73.72771,40.75063
64,Queens,0,-73.72907,40.74739
64,Queens,0,-73.73106,40.74489
64,Queens,0,-73.74017,40.73848
64,Queens,0,-73.74307,40.73844
64,Queens,0,-73.74396,40.74079
64,Queens,0,-73.75098,40.74002
64,Queens,0,-73.75347,40.7424
64,Queens,0,-73.74888,40.74329
64,Queens,0,-73.74478,40.74328
64,Queens,0,-73.74626,40.74671
64,Queens,0,-73.74384,40.74769
64,Queens,0,-73.74578,40.75156
64,Queens,0,-73.7471,40.75235
64,Queens,0,-73.74774,40.75385
64,Queens,0,-73.74711,40.75417
64,Queens,0,-73.75005,40.7584
64,Queens,0,-73.75058,40.75801
64,Queens,0,-73.75116,40.75907
64,Queens,0,-73.7523,40.75946
64,Queens,0,-73.75321,40.75824
64,Queens,0,-73.75512,40.75848
64,Queens,0,-73.75584,40.75774
64,Queens,0,-73.75682,40.75973
64,Queens,0,-73.758,40.76038
64,Queens,0,-73.75848,40.76199
64,Queens,0,-73.75785,40.76257
64,Queens,0,-73.75845,40.76412
64,Queens,0,-73.75886,40.76327
64,Queens,0,-73.75922,40.76432
64,Queens,0,-73.75377,40.7653
64,Queens,0,-73.75107,40.76176
64,Queens,0,-73.74861,40.76093
64,Queens,0,-73.74754,40.75986
64,Queens,0,-73.74656,40.75934
64,Queens,0,-73.74626,40.75777
64,Queens,0,-73.74456,40.75656
64,Queens,0,-73.74631,40.75805
64,Queens,0,-73.74616,40.75902
64,Queens,0,-73.74837,40.76156
64,Queens,0,-73.75057,40.76192
64,Queens,0,-73.75507,40.76753
64,Queens,0,-73.75439,40.76875
64,Queens,0,-73.75557,40.77153
64,Queens,0,-73.75337,40.77321
64,Queens,0,-73.75519,40.7765
64,Queens,0,-73.75481,40.77762
64,Queens,0,-73.75552,40.77758
64,Queens,0,-73.75552,40.7777
64,Queens,0,-73.75456,40.77778
64,Queens,0,-73.753,40.78129
64,Queens,0,-73.75081,40.78289
65,Brooklyn,0,-73.98712,40.70063
65,Brooklyn,0,-73.98697,40.6985
65,Brooklyn,0,-73.98305,40.69838
65,Brooklyn,0,-73.98312,40.69754
65,Brooklyn,0,-73.98051,40.69745
65,Brooklyn,0,-73.98014,40.6947
65,Brooklyn,0,-73.97917,40.69349
65,Brooklyn,0,-73.98251,40.69361
65,Brooklyn,0,-73.98254,40.693
65,Brooklyn,0,-73.98176,40.69296
65,Brooklyn,0,-73.98213,40.69123
65,Brooklyn,0,-73.98148,40.68993
65,Brooklyn,0,-73.98372,40.69001
65,Brooklyn,0,-73.99097,40.69255
65,Brooklyn,0,-73.99044,40.69383
65,Brooklyn,0,-73.99142,40.69778
65,Brooklyn,0,-73.99093,40.70077
65,Brooklyn,0,-73.98712,40.70063
66,Brooklyn,0,-73.97906,40.70595
66,Brooklyn,0,-73.98074,40.70128
66,Brooklyn,0,-73.98051,40.69745
66,Brooklyn,0,-73.98312,40.69754
66,Brooklyn,0,-73.98305,40.69838
66,Brooklyn,0,-73.98697,40.6985
66,Brooklyn,0,-73.98679,40.70063
66,Brooklyn,0,-73.99093,40.70077
66,Brooklyn,0,-73.99545,40.70328
66,Brooklyn,0,-73.99466,40.70343
66,Brooklyn,0,-73.99478,40.70425
66,Brooklyn,0,-73.99351,40.70462
66,Brooklyn,0,-73.99095,40.70403
66,Brooklyn,0,-73.99023,40.70493
66,Brooklyn,0,-73.9883,40.70454
66,Brooklyn,0,-73.98796,40.70513
66,Brooklyn,0,-73.98093,40.70537
66,Brooklyn,0,-73.98091,40.70591
66,Brooklyn,0,-73.97906,40.70595
67,Brooklyn,0,-74.01515,40.63322
67,Brooklyn,0,-74.01,40.63011
67,Brooklyn,0,-74.00702,40.63211
67,Brooklyn,0,-74.00193,40.62903
67,Brooklyn,0,-74.00251,40.62847
67,Brooklyn,0,-73.99724,40.62529
67,Brooklyn,0,-73.99771,40.62368
67,Brooklyn,0,-73.99932,40.62466
67,Brooklyn,0,-74.01702,40.60765
67,Brooklyn,0,-74.0155,40.60684
67,Brooklyn,0,-74.01869,40.60361
67,Brooklyn,0,-74.0213,40.60443
67,Brooklyn,0,-74.02079,40.60567
67,Brooklyn,0,-74.02248,40.60667
67,Brooklyn,0,-74.02151,40.60782
67,Brooklyn,0,-74.0243,40.60946
67,Brooklyn,0,-74.02458,40.61022
67,Brooklyn,0,-74.02478,40.6097
67,Brooklyn,0,-74.02711,40.61024
67,Brooklyn,0,-74.02638,40.61245
67,Brooklyn,0,-74.02754,40.61294
67,Brooklyn,0,-74.02525,40.61668
67,Brooklyn,0,-74.02009,40.62242
67,Brooklyn,0,-74.0197,40.62218
67,Brooklyn,0,-74.01515,40.63322
68,Manhattan,0,-73.99163,40.75471
68,Manhattan,0,-74.00252,40.73975
68,Manhattan,0,-74.0082,40.74215
68,Manhattan,0,-73.99731,40.75711
68,Manhattan,0,-73.99163,40.75471
69,Bronx,0,-73.91169,40.82776
69,Bronx,0,-73.91131,40.82485
69,Bronx,0,-73.91317,40.82546
69,Bronx,0,-73.91351,40.8248
69,Bronx,0,-73.91541,40.82577
69,Bronx,0,-73.92518,40.81801
69,Bronx,0,-73.92732,40.81856
69,Bronx,0,-73.91986,40.83195
69,Bronx,0,-73.91371,40.83881
69,Bronx,0,-73.91194,40.8432
69,Bronx,0,-73.90515,40.84255
69,Bronx,0,-73.90538,40.83977
69,Bronx,0,-73.91049,40.83074
69,Bronx,0,-73.90896,40.83023
69,Bronx,0,-73.91169,40.82776
70,Queens,0,-73.85912,40.76128
70,Queens,0,-73.8545,40.75828
70,Queens,0,-73.87514,40.75663
70,Queens,0,-73.87601,40.76144
70,Queens,0,-73.875,40.76126
70,Queens,0,-73.87639,40.769
70,Queens,0,-73.87609,40.77154
70,Queens,0,-73.87143,40.77158
70,Queens,0,-73.8681,40.77017
70,Queens,0,-73.8634,40.76646
70,Queens,0,-73.85912,40.76128
71,Brooklyn,0,-73.93191,40.65654
71,Brooklyn,0,-73.93139,40.65169
71,Brooklyn,0,-73.93038,40.65173
71,Brooklyn,0,-73.92911,40.6398
71,Brooklyn,0,-73.92574,40.64001
71,Brooklyn,0,-73.92652,40.63649
71,Brooklyn,0,-73.92745,40.63526
71,Brooklyn,0,-73.93727,40.63465
71,Brooklyn,0,-73.93702,40.63231
71,Brooklyn,0,-73.94463,40.63184
71,Brooklyn,0,-73.94537,40.63879
71,Brooklyn,0,-73.94826,40.63861
71,Brooklyn,0,-73.94841,40.63999
71,Brooklyn,0,-73.94744,40.64005
71,Brooklyn,0,-73.94779,40.64331
71,Brooklyn,0,-73.94587,40.64342
71,Brooklyn,0,-73.94667,40.65095
71,Brooklyn,0,-73.94571,40.65101
71,Brooklyn,0,-73.94607,40.65441
71,Brooklyn,0,-73.94703,40.65434
71,Brooklyn,0,-73.94716,40.65559
71,Brooklyn,0,-73.93191,40.65654
72,Brooklyn,0,-73.92021,40.65998
72,Brooklyn,0,-73.91959,40.662
72,Brooklyn,0,-73.91236,40.65551
72,Brooklyn,0,-73.91012,40.65585
72,Brooklyn,0,-73.90933,40.65281
72,Brooklyn,0,-73.90856,40.6521
72,Brooklyn,0,-73.91995,40.64471
72,Brooklyn,0,-73.91974,40.64278
72,Brooklyn,0,-73.92333,40.6399
72,Brooklyn,0,-73.92357,40.6425
72,Brooklyn,0,-73.92538,40.64238
72,Brooklyn,0,-73.92574,40.64001
72,Brooklyn,0,-73.92911,40.6398
72,Brooklyn,0,-73.93038,40.65173
72,Brooklyn,0,-73.93139,40.65169
72,Brooklyn,0,-73.93191,40.65654
72,Brooklyn,0,-73.92799,40.6568
72,Brooklyn,0,-73.92834,40.66006
72,Brooklyn,0,-73.92726,40.65934
72,Brooklyn,0,-73.92646,40.65981
72,Brooklyn,0,-73.93068,40.66362
72,Brooklyn,0,-73.92638,40.66551
72,Brooklyn,0,-73.92021,40.65998
73,Queens,0,-73.79472,40.75065
73,Queens,0,-73.7973,40.74944
73,Queens,0,-73.79468,40.74721
73,Queens,0,-73.80335,40.74643
73,Queens,0,-73.80288,40.74977
73,Queens,0,-73.80751,40.75014
73,Queens,0,-73.81416,40.74614
73,Queens,0,-73.82085,40.75224
73,Queens,0,-73.81841,40.75383
73,Queens,0,-73.8203,40.75551
73,Queens,0,-73.81789,40.75709
73,Queens,0,-73.82064,40.75887
73,Queens,0,-73.81105,40.76142
73,Queens,0,-73.7994,40.7594
73,Queens,0,-73.79493,40.7578
73,Queens,0,-73.79472,40.75065
74,Manhattan,0,-73.93383,40.81952
74,Manhattan,0,-73.93412,40.80866
74,Manhattan,0,-73.93031,40.80379
74,Manhattan,0,-73.92903,40.80108
74,Manhattan,0,-73.92904,40.79676
74,Manhattan,0,-73.93007,40.7947
74,Manhattan,0,-73.93505,40.79169
74,Manhattan,0,-73.93774,40.79282
74,Manhattan,0,-73.93865,40.79156
74,Manhattan,0,-73.94327,40.79349
74,Manhattan,0,-73.94188,40.79541
74,Manhattan,0,-73.94831,40.79813
74,Manhattan,0,-73.9446,40.80323
74,Manhattan,0,-73.94613,40.80388
74,Manhattan,0,-73.9443,40.80639
74,Manhattan,0,-73.94275,40.80574
74,Manhattan,0,-73.94177,40.80709
74,Manhattan,0,-73.93854,40.80573
74,Manhattan,0,-73.93581,40.8095
74,Manhattan,0,-73.93902,40.81086
74,Manhattan,0,-73.93407,40.81783
74,Manhattan,0,-73.9344,40.81967
74,Manhattan,0,-73.93383,40.81952
75,Manhattan,0,-73.94327,40.79349
75,Manhattan,0,-73.93865,40.79156
75,Manhattan,0,-73.93774,40.79282
75,Manhattan,0,-73.93505,40.79169
75,Manhattan,0,-73.93708,40.78937
75,Manhattan,0,-73.93622,40.7888
75,Manhattan,0,-73.93715,40.78917
75,Manhattan,0,-73.93983,40.78526
75,Manhattan,0,-73.94354,40.78288
75,Manhattan,0,-73.95578,40.78791
75,Manhattan,0,-73.94831,40.79813
75,Manhattan,0,-73.94188,40.79541
75,Manhattan,0,-73.94327,40.79349
76,Brooklyn,0,-73.88064,40.67918
76,Brooklyn,0,-73.87689,40.68016
76,Brooklyn,0,-73.87507,40.68004
76,Brooklyn,0,-73.87231,40.67776
76,Brooklyn,0,-73.86106,40.67434
76,Brooklyn,0,-73.86039,40.67127
76,Brooklyn,0,-73.85763,40.67166
76,Brooklyn,0,-73.85568,40.66387
76,Brooklyn,0,-73.85843,40.66345
76,Brooklyn,0,-73.85761,40.66011
76,Brooklyn,0,-73.86036,40.65965
76,Brooklyn,0,-73.86317,40.65828
76,Brooklyn,0,-73.8627,40.65762
76,Brooklyn,0,-73.86328,40.65694
76,Brooklyn,0,-73.86264,40.65567
76,Brooklyn,0,-73.85976,40.6541
76,Brooklyn,0,-73.85696,40.65059
76,Brooklyn,0,-73.8584,40.647
76,Brooklyn,0,-73.85717,40.64368
76,Brooklyn,0,-73.86289,40.64255
76,Brooklyn,0,-73.8667,40.64002
76,Brooklyn,0,-73.86563,40.63879
76,Brooklyn,0,-73.86867,40.64093
76,Brooklyn,0,-73.87061,40.64486
76,Brooklyn,0,-73.87257,40.64558
76,Brooklyn,0,-73.87922,40.65459
76,Brooklyn,0,-73.87972,40.65438
76,Brooklyn,0,-73.87319,40.64545
76,Brooklyn,0,-73.87327,40.6439
76,Brooklyn,0,-73.8699,40.63893
76,Brooklyn,0,-73.868,40.63812
76,Brooklyn,0,-73.86961,40.63709
76,Brooklyn,0,-73.86956,40.63795
76,Brooklyn,0,-73.87348,40.63629
76,Brooklyn,0,-73.87842,40.63891
76,Brooklyn,0,-73.87458,40.64561
76,Brooklyn,0,-73.8761,40.64621
76,Brooklyn,0,-73.88221,40.65452
76,Brooklyn,0,-73.89001,40.65115
76,Brooklyn,0,-73.89355,40.6552
76,Brooklyn,0,-73.89761,40.65345
76,Brooklyn,0,-73.89586,40.65188
76,Brooklyn,0,-73.90398,40.64663
76,Brooklyn,0,-73.90945,40.65152
76,Brooklyn,0,-73.9074,40.65284
76,Brooklyn,0,-73.90784,40.65459
76,Brooklyn,0,-73.90318,40.65531
76,Brooklyn,0,-73.90039,40.65718
76,Brooklyn,0,-73.89613,40.65781
76,Brooklyn,0,-73.88186,40.66415
76,Brooklyn,0,-73.88331,40.66611
76,Brooklyn,0,-73.88991,40.66378
76,Brooklyn,0,-73.89069,40.66685
76,Brooklyn,0,-73.88977,40.66699
76,Brooklyn,0,-73.89088,40.67132
76,Brooklyn,0,-73.89271,40.67105
76,Brooklyn,0,-73.89367,40.67482
76,Brooklyn,0,-73.89931,40.67398
76,Brooklyn,0,-73.90005,40.67689
76,Brooklyn,0,-73.89654,40.67859
76,Brooklyn,0,-73.89622,40.67736
76,Brooklyn,0,-73.88987,40.6783
76,Brooklyn,0,-73.88467,40.67994
76,Brooklyn,0,-73.88489,40.68081
76,Brooklyn,0,-73.88117,40.68135
76,Brooklyn,0,-73.88064,40.67918
77,Brooklyn,0,-73.90005,40.67689
77,Brooklyn,0,-73.89931,40.67398
77,Brooklyn,0,-73.89367,40.67482
77,Brooklyn,0,-73.89271,40.67105
77,Brooklyn,0,-73.89088,40.67132
77,Brooklyn,0,-73.88977,40.66699
77,Brooklyn,0,-73.89069,40.66685
77,Brooklyn,0,-73.88991,40.66378
77,Brooklyn,0,-73.88331,40.66611
77,Brooklyn,0,-73.88186,40.66415
77,Brooklyn,0,-73.89613,40.65781
77,Brooklyn,0,-73.89881,40.65741
77,Brooklyn,0,-73.89965,40.66074
77,Brooklyn,0,-73.90066,40.66059
77,Brooklyn,0,-73.90145,40.66366
77,Brooklyn,0,-73.90042,40.66381
77,Brooklyn,0,-73.90347,40.67551
77,Brooklyn,0,-73.90005,40.67689
78,Bronx,0,-73.88963,40.85317
78,Bronx,0,-73.88988,40.85207
78,Bronx,0,-73.88276,40.84806
78,Bronx,0,-73.87733,40.84398
78,Bronx,0,-73.87817,40.84262
78,Bronx,0,-73.87459,40.84152
78,Bronx,0,-73.87399,40.84256
78,Bronx,0,-73.87109,40.84432
78,Bronx,0,-73.86889,40.84811
78,Bronx,0,-73.86921,40.84924
78,Bronx,0,-73.86786,40.84886
78,Bronx,0,-73.86835,40.84708
78,Bronx,0,-73.86893,40.84688
78,Bronx,0,-73.86804,40.84481
78,Bronx,0,-73.871,40.84311
78,Bronx,0,-73.8736,40.8398
78,Bronx,0,-73.88006,40.84016
78,Bronx,0,-73.882,40.83744
78,Bronx,0,-73.88275,40.83859
78,Bronx,0,-73.88618,40.84011
78,Bronx,0,-73.8866,40.83928
78,Bronx,0,-73.88814,40.83986
78,Bronx,0,-73.88869,40.83916
78,Bronx,0,-73.88942,40.83942
78,Bronx,0,-73.89538,40.84294
78,Bronx,0,-73.8929,40.84627
78,Bronx,0,-73.89618,40.84666
78,Bronx,0,-73.89407,40.85071
78,Bronx,0,-73.89479,40.85108
78,Bronx,0,-73.89307,40.85325
78,Bronx,0,-73.89217,40.85277
78,Bronx,0,-73.89039,40.85469
78,Bronx,0,-73.88963,40.85317
79,Manhattan,0,-73.98378,40.72154
79,Manhattan,0,-73.9926,40.72414
79,Manhattan,0,-73.9899,40.73443
79,Manhattan,0,-73.97803,40.72943
79,Manhattan,0,-73.98378,40.72154
80,Brooklyn,0,-73.93175,40.72805
80,Brooklyn,0,-73.92958,40.72761
80,Brooklyn,0,-73.92849,40.72661
80,Brooklyn,0,-73.92561,40.72006
80,Brooklyn,0,-73.92482,40.72027
80,Brooklyn,0,-73.92454,40.71934
80,Brooklyn,0,-73.92493,40.71841
80,Brooklyn,0,-73.92888,40.71772
80,Brooklyn,0,-73.92971,40.71705
80,Brooklyn,0,-73.92947,40.71572
80,Brooklyn,0,-73.93221,40.71496
80,Brooklyn,0,-73.93124,40.71372
80,Brooklyn,0,-73.93264,40.71305
80,Brooklyn,0,-73.93203,40.71159
80,Brooklyn,0,-73.93328,40.71098
80,Brooklyn,0,-73.9319,40.71134
80,Brooklyn,0,-73.93036,40.70872
80,Brooklyn,0,-73.93155,40.71186
80,Brooklyn,0,-73.93078,40.71216
80,Brooklyn,0,-73.93161,40.71204
80,Brooklyn,0,-73.93185,40.71256
80,Brooklyn,0,-73.93042,40.71317
80,Brooklyn,0,-73.93105,40.71461
80,Brooklyn,0,-73.92844,40.71553
80,Brooklyn,0,-73.92891,40.71662
80,Brooklyn,0,-73.92827,40.71709
80,Brooklyn,0,-73.9246,40.71795
80,Brooklyn,0,-73.92306,40.71634
80,Brooklyn,0,-73.92489,40.71527
80,Brooklyn,0,-73.92434,40.71412
80,Brooklyn,0,-73.92223,40.71285
80,Brooklyn,0,-73.92075,40.71053
80,Brooklyn,0,-73.92189,40.7094
80,Brooklyn,0,-73.9323,40.70775
80,Brooklyn,0,-73.9348,40.71337
80,Brooklyn,0,-73.94069,40.71196
80,Brooklyn,0,-73.94042,40.71122
80,Brooklyn,0,-73.94379,40.7109
80,Brooklyn,0,-73.94273,40.70447
80,Brooklyn,0,-73.94103,40.70464
80,Brooklyn,0,-73.94089,40.70391
80,Brooklyn,0,-73.94042,40.70108
80,Brooklyn,0,-73.94193,40.70073
80,Brooklyn,0,-73.95024,40.70547
80,Brooklyn,0,-73.95087,40.70951
80,Brooklyn,0,-73.94866,40.70972
80,Brooklyn,0,-73.94937,40.71407
80,Brooklyn,0,-73.95348,40.71407
80,Brooklyn,0,-73.95005,40.71681
80,Brooklyn,0,-73.93175,40.72805
81,Bronx,0,-73.83738,40.89392
81,Bronx,0,-73.82268,40.88962
81,Bronx,0,-73.82249,40.8901
81,Bronx,0,-73.82326,40.88999
81,Bronx,0,-73.82337,40.89108
81,Bronx,0,-73.82285,40.89121
81,Bronx,0,-73.79301,40.88336
81,Bronx,0,-73.79323,40.88282
81,Bronx,0,-73.80551,40.88609
81,Bronx,0,-73.8121,40.88672
81,Bronx,0,-73.81548,40.88669
81,Bronx,0,-73.82027,40.88555
81,Bronx,0,-73.82077,40.88671
81,Bronx,0,-73.82387,40.88778
81,Bronx,0,-73.83065,40.88485
81,Bronx,0,-73.83342,40.88428
81,Bronx,0,-73.83664,40.88212
81,Bronx,0,-73.84324,40.87911
81,Bronx,0,-73.83815,40.87695
81,Bronx,0,-73.83925,40.87662
81,Bronx,0,-73.83746,40.87322
81,Bronx,0,-73.83829,40.87295
81,Bronx,0,-73.83566,40.86751
81,Bronx,0,-73.83316,40.86832
81,Bronx,0,-73.82834,40.86089
81,Bronx,0,-73.84793,40.87134
81,Bronx,0,-73.85364,40.8733
81,Bronx,0,-73.85069,40.87549
81,Bronx,0,-73.85255,40.87709
81,Bronx,0,-73.85092,40.87789
81,Bronx,0,-73.85248,40.87946
81,Bronx,0,-73.84705,40.88767
81,Bronx,0,-73.83555,40.88913
81,Bronx,0,-73.83738,40.89392
82,Queens,0,-73.86769,40.74407
82,Queens,0,-73.86756,40.74094
82,Queens,0,-73.86447,40.73401
82,Queens,0,-73.87969,40.72901
82,Queens,0,-73.88721,40.72779
82,Queens,0,-73.88852,40.73453
82,Queens,0,-73.88353,40.73385
82,Queens,0,-73.87752,40.73159
82,Queens,0,-73.87822,40.7321
82,Queens,0,-73.87708,40.73291
82,Queens,0,-73.88066,40.73571
82,Queens,0,-73.88033,40.73733
82,Queens,0,-73.8823,40.73771
82,Queens,0,-73.87743,40.7386
82,Queens,0,-73.881,40.74184
82,Queens,0,-73.88294,40.74161
82,Queens,0,-73.88283,40.74099
82,Queens,0,-73.88551,40.74017
82,Queens,0,-73.88573,40.74129
82,Queens,0,-73.88751,40.74108
82,Queens,0,-73.88799,40.74355
82,Queens,0,-73.89072,40.74313
82,Queens,0,-73.89175,40.74681
82,Queens,0,-73.86942,40.74916
82,Queens,0,-73.86769,40.74407
83,Queens,0,-73.89139,40.74664
83,Queens,0,-73.89072,40.74313
83,Queens,0,-73.88799,40.74355
83,Queens,0,-73.88751,40.74108
83,Queens,0,-73.88573,40.74129
83,Queens,0,-73.88551,40.74017
83,Queens,0,-73.88283,40.74099
83,Queens,0,-73.88294,40.74161
83,Queens,0,-73.881,40.74184
83,Queens,0,-73.87792,40.73939
83,Queens,0,-73.87743,40.7386
83,Queens,0,-73.8823,40.73771
83,Queens,0,-73.88033,40.73733
83,Queens,0,-73.88066,40.73571
83,Queens,0,-73.87708,40.73291
83,Queens,0,-73.87822,40.7321
83,Queens,0,-73.87725,40.73179
83,Queens,0,-73.87752,40.73159
83,Queens,0,-73.88353,40.73385
83,Queens,0,-73.8891,40.73459
83,Queens,0,-73.89855,40.73519
83,Queens,0,-73.90108,40.73391
83,Queens,0,-73.90517,40.73586
83,Queens,0,-73.90629,40.7324
83,Queens,0,-73.91069,40.73347
83,Queens,0,-73.90926,40.7364
83,Queens,0,-73.90058,40.73949
83,Queens,0,-73.89525,40.74382
83,Queens,0,-73.89469,40.74562
83,Queens,0,-73.89624,40.74872
83,Queens,0,-73.89139,40.74664
85,Brooklyn,0,-73.94716,40.65559
85,Brooklyn,0,-73.94703,40.65434
85,Brooklyn,0,-73.94607,40.65441
85,Brooklyn,0,-73.94571,40.65101
85,Brooklyn,0,-73.94667,40.65095
85,Brooklyn,0,-73.94587,40.64342
85,Brooklyn,0,-73.94779,40.64331
85,Brooklyn,0,-73.94744,40.64005
85,Brooklyn,0,-73.94841,40.63999
85,Brooklyn,0,-73.94826,40.63861
85,Brooklyn,0,-73.9536,40.63842
85,Brooklyn,0,-73.95764,40.64269
85,Brooklyn,0,-73.95871,40.65039
85,Brooklyn,0,-73.94957,40.65081
85,Brooklyn,0,-73.95007,40.65542
85,Brooklyn,0,-73.94716,40.65559
86,Queens,0,-73.76669,40.61423
86,Queens,0,-73.76516,40.61375
86,Queens,0,-73.76506,40.61204
86,Queens,0,-73.7623,40.61136
86,Queens,0,-73.76172,40.61185
86,Queens,0,-73.76024,40.61082
86,Queens,0,-73.76178,40.60915
86,Queens,0,-73.76155,40.60903
86,Queens,0,-73.75998,40.61088
86,Queens,0,-73.75949,40.61082
86,Queens,0,-73.75972,40.61015
86,Queens,0,-73.75561,40.61008
86,Queens,0,-73.75587,40.61039
86,Queens,0,-73.755,40.61013
86,Queens,0,-73.74799,40.61231
86,Queens,0,-73.74686,40.61157
86,Queens,0,-73.74576,40.61199
86,Queens,0,-73.74315,40.60726
86,Queens,0,-73.73815,40.60271
86,Queens,0,-73.73809,40.59769
86,Queens,0,-73.73872,40.59695
86,Queens,0,-73.73858,40.59725
86,Queens,0,-73.73993,40.59705
86,Queens,0,-73.7401,40.59621
86,Queens,0,-73.74064,40.597
86,Queens,0,-73.74183,40.5967
86,Queens,0,-73.73993,40.59606
86,Queens,0,-73.7398,40.59688
86,Queens,0,-73.73858,40.59686
86,Queens,0,-73.73812,40.59739
86,Queens,0,-73.73764,40.59442
86,Queens,0,-73.74223,40.59491
86,Queens,0,-73.74665,40.59428
86,Queens,0,-73.75023,40.59271
86,Queens,0,-73.75155,40.59142
86,Queens,0,-73.75353,40.59095
86,Queens,0,-73.76134,40.59173
86,Queens,0,-73.76376,40.59144
86,Queens,0,-73.7644,40.59457
86,Queens,0,-73.76278,40.59476
86,Queens,0,-73.76333,40.59782
86,Queens,0,-73.76129,40.59955
86,Queens,0,-73.76166,40.59997
86,Queens,0,-73.76336,40.59911
86,Queens,0,-73.76445,40.60044
86,Queens,0,-73.76654,40.59943
86,Queens,0,-73.766,40.59872
86,Queens,0,-73.76696,40.59807
86,Queens,0,-73.76772,40.59626
86,Queens,0,-73.76795,40.59816
86,Queens,0,-73.77098,40.59889
86,Queens,0,-73.77111,40.60055
86,Queens,0,-73.77019,40.60275
86,Queens,0,-73.77048,40.60484
86,Queens,0,-73.76896,40.60928
86,Queens,0,-73.77221,40.6115
86,Queens,0,-73.77338,40.61115
86,Queens,0,-73.77296,40.61015
86,Queens,0,-73.77417,40.61183
86,Queens,0,-73.7734,40.61368
86,Queens,0,-73.76669,40.61423
87,Manhattan,0,-74.00506,40.70879
87,Manhattan,0,-74.00197,40.70473
87,Manhattan,0,-74.00332,40.70563
87,Manhattan,0,-74.00297,40.70477
87,Manhattan,0,-74.00364,40.70542
87,Manhattan,0,-74.00459,40.70479
87,Manhattan,0,-74.0035,40.7038
87,Manhattan,0,-74.00481,40.70464
87,Manhattan,0,-74.00535,40.70431
87,Manhattan,0,-74.00427,40.70302
87,Manhattan,0,-74.00564,40.70411
87,Manhattan,0,-74.0066,40.70369
87,Manhattan,0,-74.0053,40.70256
87,Manhattan,0,-74.0055,40.70243
87,Manhattan,0,-74.00679,40.70357
87,Manhattan,0,-74.0078,40.70306
87,Manhattan,0,-74.00975,40.70478
87,Manhattan,0,-74.00987,40.7058
87,Manhattan,0,-74.01251,40.70677
87,Manhattan,0,-74.00906,40.71089
87,Manhattan,0,-74.00506,40.70879
88,Manhattan,0,-74.00975,40.70478
88,Manhattan,0,-74.0076,40.70299
88,Manhattan,0,-74.00931,40.70195
88,Manhattan,0,-74.0087,40.70114
88,Manhattan,0,-74.00759,40.70133
88,Manhattan,0,-74.00862,40.70055
88,Manhattan,0,-74.0096,40.70187
88,Manhattan,0,-74.01117,40.70148
88,Manhattan,0,-74.01083,40.70021
88,Manhattan,0,-74.01115,40.7009
88,Manhattan,0,-74.01209,40.70068
88,Manhattan,0,-74.01196,40.70004
88,Manhattan,0,-74.01239,40.70062
88,Manhattan,0,-74.01261,40.70011
88,Manhattan,0,-74.01311,40.70051
88,Manhattan,0,-74.01304,40.69977
88,Manhattan,0,-74.01327,40.7005
88,Manhattan,0,-74.01349,40.70048
88,Manhattan,0,-74.01353,40.70011
88,Manhattan,0,-74.01367,40.70013
88,Manhattan,0,-74.01429,40.70455
88,Manhattan,0,-74.01327,40.70455
88,Manhattan,0,-74.01325,40.70587
88,Manhattan,0,-74.01251,40.70677
88,Manhattan,0,-74.00987,40.7058
88,Manhattan,0,-74.00975,40.70478
89,Brooklyn,0,-73.95375,40.63859
89,Brooklyn,0,-73.94537,40.63879
89,Brooklyn,0,-73.94463,40.63184
89,Brooklyn,0,-73.94648,40.63171
89,Brooklyn,0,-73.94416,40.62951
89,Brooklyn,0,-73.95996,40.62778
89,Brooklyn,0,-73.96041,40.63016
89,Brooklyn,0,-73.96233,40.62997
89,Brooklyn,0,-73.97137,40.62893
89,Brooklyn,0,-73.97092,40.62657
89,Brooklyn,0,-73.97623,40.62598
89,Brooklyn,0,-73.97717,40.63075
89,Brooklyn,0,-73.96987,40.63419
89,Brooklyn,0,-73.97029,40.63641
89,Brooklyn,0,-73.96804,40.63665
89,Brooklyn,0,-73.9714,40.64826
89,Brooklyn,0,-73.96465,40.65089
89,Brooklyn,0,-73.96621,40.65319
89,Brooklyn,0,-73.95986,40.65563
89,Brooklyn,0,-73.95764,40.64269
89,Brooklyn,0,-73.95375,40.63859
90,Manhattan,0,-73.99142,40.7448
90,Manhattan,0,-73.99684,40.73736
90,Manhattan,0,-74.00252,40.73975
90,Manhattan,0,-73.9971,40.74721
90,Manhattan,0,-73.99142,40.7448
91,Brooklyn,0,-73.91974,40.64278
91,Brooklyn,0,-73.9169,40.61627
91,Brooklyn,0,-73.92053,40.61394
91,Brooklyn,0,-73.92062,40.61484
91,Brooklyn,0,-73.9264,40.61448
91,Brooklyn,0,-73.9263,40.61312
91,Brooklyn,0,-73.93173,40.61793
91,Brooklyn,0,-73.9332,40.61697
91,Brooklyn,0,-73.93687,40.62025
91,Brooklyn,0,-73.94079,40.6177
91,Brooklyn,0,-73.94347,40.61739
91,Brooklyn,0,-73.94574,40.61536
91,Brooklyn,0,-73.94651,40.61949
91,Brooklyn,0,-73.94452,40.61971
91,Brooklyn,0,-73.94542,40.6245
91,Brooklyn,0,-73.94642,40.62439
91,Brooklyn,0,-73.94733,40.62917
91,Brooklyn,0,-73.94416,40.62951
91,Brooklyn,0,-73.94648,40.63171
91,Brooklyn,0,-73.93702,40.63231
91,Brooklyn,0,-73.93727,40.63465
91,Brooklyn,0,-73.92745,40.63526
91,Brooklyn,0,-73.92616,40.63757
91,Brooklyn,0,-73.92538,40.64238
91,Brooklyn,0,-73.92357,40.6425
91,Brooklyn,0,-73.92333,40.6399
91,Brooklyn,0,-73.91974,40.64278
92,Queens,0,-73.82583,40.77592
92,Queens,0,-73.82656,40.77014
92,Queens,0,-73.82467,40.77041
92,Queens,0,-73.82348,40.76465
92,Queens,0,-73.82081,40.75894
92,Queens,0,-73.81789,40.75709
92,Queens,0,-73.8203,40.75551
92,Queens,0,-73.81841,40.75383
92,Queens,0,-73.82085,40.75224
92,Queens,0,-73.81537,40.74722
92,Queens,0,-73.81575,40.74698
92,Queens,0,-73.82108,40.74856
92,Queens,0,-73.82426,40.75183
92,Queens,0,-73.82577,40.75097
92,Queens,0,-73.82584,40.74935
92,Queens,0,-73.82766,40.74986
92,Queens,0,-73.833,40.74783
92,Queens,0,-73.8323,40.75194
92,Queens,0,-73.8356,40.75139
92,Queens,0,-73.83701,40.75403
92,Queens,0,-73.83806,40.75467
92,Queens,0,-73.83867,40.75702
92,Queens,0,-73.83679,40.76117
92,Queens,0,-73.8369,40.7627
92,Queens,0,-73.8379,40.76459
92,Queens,0,-73.83946,40.76545
92,Queens,0,-73.83614,40.76953
92,Queens,0,-73.83,40.77373
92,Queens,0,-73.82514,40.7817
92,Queens,0,-73.82224,40.78169
92,Queens,0,-73.82433,40.77674
92,Queens,0,-73.82583,40.77592
93,Queens,0,-73.85764,40.7631
93,Queens,0,-73.85667,40.76393
93,Queens,0,-73.85758,40.76307
93,Queens,0,-73.85659,40.76272
93,Queens,0,-73.8576,40.76305
93,Queens,0,-73.85818,40.7624
93,Queens,0,-73.85661,40.76165
93,Queens,0,-73.85819,40.76237
93,Queens,0,-73.85859,40.76192
93,Queens,0,-73.85748,40.76131
93,Queens,0,-73.85159,40.75936
93,Queens,0,-73.8493,40.76024
93,Queens,0,-73.84987,40.7611
93,Queens,0,-73.85207,40.76039
93,Queens,0,-73.84981,40.76127
93,Queens,0,-73.84869,40.76014
93,Queens,0,-73.84671,40.76135
93,Queens,0,-73.84324,40.75534
93,Queens,0,-73.83867,40.75702
93,Queens,0,-73.83778,40.75413
93,Queens,0,-73.83701,40.75403
93,Queens,0,-73.8356,40.75139
93,Queens,0,-73.8323,40.75194
93,Queens,0,-73.833,40.74783
93,Queens,0,-73.83469,40.7469
93,Queens,0,-73.8361,40.74243
93,Queens,0,-73.83699,40.74209
93,Queens,0,-73.83669,40.73954
93,Queens,0,-73.83565,40.73849
93,Queens,0,-73.83613,40.73424
93,Queens,0,-73.83073,40.72655
93,Queens,0,-73.82731,40.72465
93,Queens,0,-73.82532,40.71728
93,Queens,0,-73.8173,40.71758
93,Queens,0,-73.82019,40.71674
93,Queens,0,-73.82525,40.71646
93,Queens,0,-73.82716,40.71539
93,Queens,0,-73.83146,40.71455
93,Queens,0,-73.8298,40.71557
93,Queens,0,-73.83488,40.7193
93,Queens,0,-73.83985,40.72818
93,Queens,0,-73.84421,40.73273
93,Queens,0,-73.84689,40.73867
93,Queens,0,-73.84824,40.73929
93,Queens,0,-73.8478,40.74005
93,Queens,0,-73.85012,40.74072
93,Queens,0,-73.85437,40.74874
93,Queens,0,-73.85086,40.75
93,Queens,0,-73.8538,40.75718
93,Queens,0,-73.85525,40.75915
93,Queens,0,-73.85912,40.76128
93,Queens,0,-73.8611,40.76366
93,Queens,0,-73.86043,40.76387
93,Queens,0,-73.85862,40.76194
93,Queens,0,-73.85765,40.76308
93,Queens,0,-73.8585,40.76338
93,Queens,0,-73.85764,40.7631
94,Bronx,0,-73.89964,40.86221
94,Bronx,0,-73.89714,40.86245
94,Bronx,0,-73.89884,40.85931
94,Bronx,0,-73.89574,40.85814
94,Bronx,0,-73.89469,40.85943
94,Bronx,0,-73.89381,40.85899
94,Bronx,0,-73.89106,40.86147
94,Bronx,0,-73.89561,40.85457
94,Bronx,0,-73.8971,40.85517
94,Bronx,0,-73.89864,40.85391
94,Bronx,0,-73.89817,40.85515
94,Bronx,0,-73.90078,40.85605
94,Bronx,0,-73.90186,40.85459
94,Bronx,0,-73.90557,40.85579
94,Bronx,0,-73.90468,40.85706
94,Bronx,0,-73.90566,40.8574
94,Bronx,0,-73.90351,40.86092
94,Bronx,0,-73.90254,40.86058
94,Bronx,0,-73.90108,40.86276
94,Bronx,0,-73.89964,40.86221
95,Queens,0,-73.84732,40.73877
95,Queens,0,-73.84406,40.73249
95,Queens,0,-73.83985,40.72818
95,Queens,0,-73.83488,40.7193
95,Queens,0,-73.8298,40.71557
95,Queens,0,-73.83146,40.71455
95,Queens,0,-73.83103,40.71434
95,Queens,0,-73.83771,40.71104
95,Queens,0,-73.84491,40.70856
95,Queens,0,-73.84933,40.70839
95,Queens,0,-73.85594,40.7064
95,Queens,0,-73.85668,40.70769
95,Queens,0,-73.85868,40.72261
95,Queens,0,-73.86204,40.72596
95,Queens,0,-73.85805,40.72445
95,Queens,0,-73.85727,40.72568
95,Queens,0,-73.85942,40.72646
95,Queens,0,-73.85809,40.72857
95,Queens,0,-73.85741,40.72832
95,Queens,0,-73.85851,40.73029
95,Queens,0,-73.85626,40.73096
95,Queens,0,-73.85872,40.73571
95,Queens,0,-73.84732,40.73877
96,Queens,0,-73.84315,40.70922
96,Queens,0,-73.83715,40.70796
96,Queens,0,-73.8381,40.70631
96,Queens,0,-73.83696,40.70421
96,Queens,0,-73.84502,40.69936
96,Queens,0,-73.84914,40.69828
96,Queens,0,-73.85071,40.7002
96,Queens,0,-73.85443,40.7006
96,Queens,0,-73.85271,40.69841
96,Queens,0,-73.85277,40.69756
96,Queens,0,-73.87402,40.69419
96,Queens,0,-73.87951,40.69115
96,Queens,0,-73.88452,40.68668
96,Queens,0,-73.88963,40.68424
96,Queens,0,-73.89015,40.685
96,Queens,0,-73.89252,40.68342
96,Queens,0,-73.89417,40.68528
96,Queens,0,-73.89647,40.68234
96,Queens,0,-73.90116,40.68788
96,Queens,0,-73.90042,40.68818
96,Queens,0,-73.9018,40.69077
96,Queens,0,-73.90039,40.69314
96,Queens,0,-73.89736,40.69411
96,Queens,0,-73.89691,40.69384
96,Queens,0,-73.89769,40.69337
96,Queens,0,-73.89696,40.69195
96,Queens,0,-73.89474,40.69264
96,Queens,0,-73.89326,40.6922
96,Queens,0,-73.89358,40.69309
96,Queens,0,-73.89559,40.69398
96,Queens,0,-73.89508,40.69459
96,Queens,0,-73.89245,40.69523
96,Queens,0,-73.89196,40.69441
96,Queens,0,-73.88919,40.69494
96,Queens,0,-73.88829,40.69524
96,Queens,0,-73.88865,40.69583
96,Queens,0,-73.88642,40.69646
96,Queens,0,-73.88779,40.69767
96,Queens,0,-73.88818,40.69886
96,Queens,0,-73.88771,40.69968
96,Queens,0,-73.88281,40.70068
96,Queens,0,-73.88183,40.69953
96,Queens,0,-73.87622,40.7016
96,Queens,0,-73.8764,40.70229
96,Queens,0,-73.86285,40.70341
96,Queens,0,-73.8582,40.70291
96,Queens,0,-73.85893,40.70132
96,Queens,0,-73.85725,40.70121
96,Queens,0,-73.8553,40.70199
96,Queens,0,-73.85529,40.7026
96,Queens,0,-73.85252,40.70229
96,Queens,0,-73.85474,40.70518
96,Queens,0,-73.85473,40.70676
96,Queens,0,-73.84933,40.70839
96,Queens,0,-73.84567,40.70841
96,Queens,0,-73.84315,40.70922
97,Brooklyn,0,-73.96973,40.6978
97,Brooklyn,0,-73.96881,40.69312
97,Brooklyn,0,-73.96983,40.69313
97,Brooklyn,0,-73.9691,40.68947
97,Brooklyn,0,-73.97013,40.68951
97,Brooklyn,0,-73.96869,40.68201
97,Brooklyn,0,-73.97746,40.68405
97,Brooklyn,0,-73.98093,40.6889
97,Brooklyn,0,-73.98372,40.69001
97,Brooklyn,0,-73.98148,40.68993
97,Brooklyn,0,-73.98213,40.69123
97,Brooklyn,0,-73.98176,40.69296
97,Brooklyn,0,-73.98254,40.693
97,Brooklyn,0,-73.98251,40.69361
97,Brooklyn,0,-73.97917,40.69349
97,Brooklyn,0,-73.98014,40.6947
97,Brooklyn,0,-73.98054,40.69825
97,Brooklyn,0,-73.96973,40.6978
98,Queens,0,-73.76557,40.74326
98,Queens,0,-73.76249,40.73673
98,Queens,0,-73.76273,40.73526
98,Queens,0,-73.76511,40.73456
98,Queens,0,-73.7637,40.73286
98,Queens,0,-73.76564,40.73253
98,Queens,0,-73.76234,40.72954
98,Queens,0,-73.7567,40.72623
98,Queens,0,-73.76924,40.7259
98,Queens,0,-73.77437,40.72426
98,Queens,0,-73.77728,40.72235
98,Queens,0,-73.77804,40.72328
98,Queens,0,-73.77523,40.72524
98,Queens,0,-73.77758,40.73019
98,Queens,0,-73.79174,40.72579
98,Queens,0,-73.79379,40.7307
98,Queens,0,-73.79459,40.73505
98,Queens,0,-73.79585,40.73807
98,Queens,0,-73.79651,40.73791
98,Queens,0,-73.78037,40.74259
98,Queens,0,-73.77241,40.74388
98,Queens,0,-73.76773,40.74578
98,Queens,0,-73.76688,40.74409
98,Queens,0,-73.76557,40.74326
100,Manhattan,0,-73.98412,40.75484
100,Manhattan,0,-73.98777,40.74979
100,Manhattan,0,-73.99346,40.75219
100,Manhattan,0,-73.98979,40.75723
100,Manhattan,0,-73.98412,40.75484
101,Queens,0,-73.70163,40.75249
101,Queens,0,-73.70002,40.73924
101,Queens,0,-73.70766,40.72783
101,Queens,0,-73.7105,40.72723
101,Queens,0,-73.71148,40.7325
101,Queens,0,-73.71545,40.73922
101,Queens,0,-73.7201,40.74978
101,Queens,0,-73.72259,40.74885
101,Queens,0,-73.7234,40.75039
101,Queens,0,-73.72627,40.74931
101,Queens,0,-73.72766,40.74965
101,Queens,0,-73.72829,40.74746
101,Queens,0,-73.72896,40.74763
101,Queens,0,-73.72738,40.75103
101,Queens,0,-73.72327,40.75395
101,Queens,0,-73.72063,40.75762
101,Queens,0,-73.71613,40.75966
101,Queens,0,-73.71352,40.75984
101,Queens,0,-73.71245,40.75924
101,Queens,0,-73.70163,40.75249
102,Queens,0,-73.85596,40.70643
102,Queens,0,-73.85473,40.70676
102,Queens,0,-73.85474,40.70518
102,Queens,0,-73.85252,40.70229
102,Queens,0,-73.85529,40.7026
102,Queens,0,-73.8553,40.70199
102,Queens,0,-73.85827,40.70122
102,Queens,0,-73.85893,40.70132
102,Queens,0,-73.8582,40.70291
102,Queens,0,-73.86285,40.70341
102,Queens,0,-73.8764,40.70229
102,Queens,0,-73.87622,40.7016
102,Queens,0,-73.88183,40.69953
102,Queens,0,-73.88281,40.70068
102,Queens,0,-73.88771,40.69968
102,Queens,0,-73.88818,40.69886
102,Queens,0,-73.88779,40.69767
102,Queens,0,-73.88642,40.69646
102,Queens,0,-73.88865,40.69583
102,Queens,0,-73.88829,40.69524
102,Queens,0,-73.88919,40.69494
102,Queens,0,-73.89196,40.69441
102,Queens,0,-73.89245,40.69523
102,Queens,0,-73.89508,40.69459
102,Queens,0,-73.89559,40.69398
102,Queens,0,-73.89358,40.69309
102,Queens,0,-73.89326,40.6922
102,Queens,0,-73.89474,40.69264
102,Queens,0,-73.89696,40.69195
102,Queens,0,-73.89769,40.69337
102,Queens,0,-73.89691,40.69384
102,Queens,0,-73.89736,40.69411
102,Queens,0,-73.90003,40.69344
102,Queens,0,-73.89838,40.69614
102,Queens,0,-73.89558,40.69713
102,Queens,0,-73.89578,40.69851
102,Queens,0,-73.89485,40.69859
102,Queens,0,-73.895,40.69971
102,Queens,0,-73.88912,40.7056
102,Queens,0,-73.88553,40.70645
102,Queens,0,-73.86911,40.70709
102,Queens,0,-73.87016,40.70921
102,Queens,0,-73.86501,40.71078
102,Queens,0,-73.85965,40.71338
102,Queens,0,-73.85976,40.71185
102,Queens,0,-73.85729,40.71147
102,Queens,0,-73.85596,40.70643
103,Manhattan,0,-74.04615,40.69112
103,Manhattan,0,-74.04351,40.68969
103,Manhattan,0,-74.0427,40.69016
103,Manhattan,0,-74.04255,40.68996
103,Manhattan,0,-74.04439,40.68852
103,Manhattan,0,-74.04773,40.68992
103,Manhattan,0,-74.04689,40.69006
103,Manhattan,0,-74.04717,40.69099
103,Manhattan,0,-74.04615,40.69112
104,Manhattan,0,-74.03995,40.70089
104,Manhattan,0,-74.03771,40.69934
104,Manhattan,0,-74.03823,40.69837
104,Manhattan,0,-74.03934,40.69812
104,Manhattan,0,-74.04124,40.69954
104,Manhattan,0,-74.04175,40.69915
104,Manhattan,0,-74.03991,40.6977
104,Manhattan,0,-74.04166,40.69645
104,Manhattan,0,-74.04367,40.69802
104,Manhattan,0,-74.03995,40.70089
105,Manhattan,0,-74.01971,40.69313
105,Manhattan,0,-74.01512,40.69326
105,Manhattan,0,-74.01344,40.69212
105,Manhattan,0,-74.01181,40.69248
105,Manhattan,0,-74.01333,40.69202
105,Manhattan,0,-74.01183,40.69106
105,Manhattan,0,-74.01317,40.68815
105,Manhattan,0,-74.01705,40.68688
105,Manhattan,0,-74.01514,40.68644
105,Manhattan,0,-74.01667,40.68631
105,Manhattan,0,-74.01753,40.68536
105,Manhattan,0,-74.01678,40.68635
105,Manhattan,0,-74.01712,40.68684
105,Manhattan,0,-74.02054,40.68527
105,Manhattan,0,-74.0194,40.68509
105,Manhattan,0,-74.02095,40.68438
105,Manhattan,0,-74.02028,40.68481
105,Manhattan,0,-74.02061,40.68524
105,Manhattan,0,-74.02259,40.68436
105,Manhattan,0,-74.02213,40.68377
105,Manhattan,0,-74.02306,40.68292
105,Manhattan,0,-74.02237,40.68378
105,Manhattan,0,-74.02276,40.68428
105,Manhattan,0,-74.02465,40.68398
105,Manhattan,0,-74.02633,40.6848
105,Manhattan,0,-74.02643,40.68618
105,Manhattan,0,-74.02021,40.69203
105,Manhattan,0,-74.01971,40.69313
106,Brooklyn,0,-73.9861,40.68101
106,Brooklyn,0,-73.98176,40.67931
106,Brooklyn,0,-73.99277,40.66551
106,Brooklyn,0,-73.9949,40.66679
106,Brooklyn,0,-73.99862,40.67183
106,Brooklyn,0,-73.99506,40.67584
106,Brooklyn,0,-73.9907,40.67581
106,Brooklyn,0,-73.98767,40.68082
106,Brooklyn,0,-73.98653,40.68037
106,Brooklyn,0,-73.9861,40.68101
107,Manhattan,0,-73.98239,40.73141
107,Manhattan,0,-73.9899,40.73443
107,Manhattan,0,-73.98992,40.73535
107,Manhattan,0,-73.98407,40.74332
107,Manhattan,0,-73.98086,40.74197
107,Manhattan,0,-73.98266,40.7395
107,Manhattan,0,-73.97805,40.73755
107,Manhattan,0,-73.98239,40.73141
108,Brooklyn,0,-73.97148,40.59717
108,Brooklyn,0,-73.9719,40.59435
108,Brooklyn,0,-73.97115,40.59044
108,Brooklyn,0,-73.96514,40.5911
108,Brooklyn,0,-73.96662,40.58457
108,Brooklyn,0,-73.97743,40.58291
108,Brooklyn,0,-73.9871,40.58464
108,Brooklyn,0,-73.98654,40.58366
108,Brooklyn,0,-73.9883,40.58347
108,Brooklyn,0,-73.98996,40.58066
108,Brooklyn,0,-73.99186,40.58162
108,Brooklyn,0,-73.99026,40.58462
108,Brooklyn,0,-73.99547,40.58221
108,Brooklyn,0,-74.00031,40.58318
108,Brooklyn,0,-74.00036,40.58419
108,Brooklyn,0,-73.99809,40.58536
108,Brooklyn,0,-73.99971,40.58569
108,Brooklyn,0,-73.99957,40.58624
108,Brooklyn,0,-73.99408,40.58869
108,Brooklyn,0,-73.99796,40.58727
108,Brooklyn,0,-73.99488,40.58877
108,Brooklyn,0,-73.99535,40.58933
108,Brooklyn,0,-74.00032,40.58645
108,Brooklyn,0,-74.00038,40.58713
108,Brooklyn,0,-73.99376,40.59033
108,Brooklyn,0,-73.99331,40.58958
108,Brooklyn,0,-73.99036,40.59143
108,Brooklyn,0,-73.98962,40.59098
108,Brooklyn,0,-73.98602,40.59445
108,Brooklyn,0,-73.98464,40.59355
108,Brooklyn,0,-73.97995,40.59407
108,Brooklyn,0,-73.98036,40.59619
108,Brooklyn,0,-73.97148,40.59717
111,Brooklyn,0,-73.99517,40.65967
111,Brooklyn,0,-73.99019,40.6576
111,Brooklyn,0,-73.98843,40.65925
111,Brooklyn,0,-73.9818,40.65525
111,Brooklyn,0,-73.98029,40.6473
111,Brooklyn,0,-73.98906,40.64412
111,Brooklyn,0,-73.99831,40.64974
111,Brooklyn,0,-73.99779,40.65029
111,Brooklyn,0,-74.00214,40.65296
111,Brooklyn,0,-73.99517,40.65967
112,Brooklyn,0,-73.9544,40.73911
112,Brooklyn,0,-73.94652,40.73693
112,Brooklyn,0,-73.9472,40.73536
112,Brooklyn,0,-73.94707,40.7344
112,Brooklyn,0,-73.9466,40.73444
112,Brooklyn,0,-73.94663,40.73587
112,Brooklyn,0,-73.94557,40.73661
112,Brooklyn,0,-73.945,40.73644
112,Brooklyn,0,-73.94519,40.73548
112,Brooklyn,0,-73.94452,40.73628
112,Brooklyn,0,-73.94239,40.73543
112,Brooklyn,0,-73.94115,40.73415
112,Brooklyn,0,-73.93981,40.73115
112,Brooklyn,0,-73.9381,40.72973
112,Brooklyn,0,-73.93227,40.72817
112,Brooklyn,0,-73.94196,40.72165
112,Brooklyn,0,-73.94721,40.71856
112,Brooklyn,0,-73.94842,40.71846
112,Brooklyn,0,-73.94908,40.72254
112,Brooklyn,0,-73.95065,40.72171
112,Brooklyn,0,-73.95165,40.72349
112,Brooklyn,0,-73.95478,40.72246
112,Brooklyn,0,-73.95814,40.7244
112,Brooklyn,0,-73.95843,40.7254
112,Brooklyn,0,-73.96162,40.72587
112,Brooklyn,0,-73.961,40.72877
112,Brooklyn,0,-73.96143,40.73097
112,Brooklyn,0,-73.96226,40.73292
112,Brooklyn,0,-73.96407,40.73278
112,Brooklyn,0,-73.9623,40.73311
112,Brooklyn,0,-73.96157,40.73518
112,Brooklyn,0,-73.95838,40.7381
112,Brooklyn,0,-73.95693,40.73889
112,Brooklyn,0,-73.9544,40.73911
113,Manhattan,0,-73.9899,40.73443
113,Manhattan,0,-73.99155,40.72709
113,Manhattan,0,-73.99657,40.72955
113,Manhattan,0,-73.99556,40.73072
113,Manhattan,0,-74.00007,40.73293
113,Manhattan,0,-73.99684,40.73736
113,Manhattan,0,-73.9899,40.73443
114,Manhattan,0,-73.99258,40.7242
114,Manhattan,0,-73.99677,40.72543
114,Manhattan,0,-74.00282,40.72836
114,Manhattan,0,-74.00007,40.73293
114,Manhattan,0,-73.99556,40.73072
114,Manhattan,0,-73.99657,40.72955
114,Manhattan,0,-73.99155,40.72709
114,Manhattan,0,-73.99258,40.7242
116,Manhattan,0,-73.93864,40.82974
116,Manhattan,0,-73.94515,40.82088
116,Manhattan,0,-73.94808,40.82211
116,Manhattan,0,-73.94854,40.82149
116,Manhattan,0,-73.94992,40.82207
116,Manhattan,0,-73.95083,40.82083
116,Manhattan,0,-73.95634,40.82309
116,Manhattan,0,-73.95954,40.82364
116,Manhattan,0,-73.95632,40.82794
116,Manhattan,0,-73.95504,40.82741
116,Manhattan,0,-73.95454,40.82786
116,Manhattan,0,-73.95016,40.8344
116,Manhattan,0,-73.93864,40.82974
117,Queens,0,-73.77927,40.60931
117,Queens,0,-73.77522,40.6097
117,Queens,0,-73.77413,40.60875
117,Queens,0,-73.77481,40.6084
117,Queens,0,-73.77422,40.60764
117,Queens,0,-73.7746,40.60742
117,Queens,0,-73.77485,40.60802
117,Queens,0,-73.77524,40.60855
117,Queens,0,-73.77601,40.60919
117,Queens,0,-73.77459,40.6073
117,Queens,0,-73.77519,40.6045
117,Queens,0,-73.77469,40.60431
117,Queens,0,-73.77588,40.60347
117,Queens,0,-73.77569,40.60281
117,Queens,0,-73.77837,40.60084
117,Queens,0,-73.77816,40.6004
117,Queens,0,-73.78017,40.6007
117,Queens,0,-73.78194,40.59907
117,Queens,0,-73.78186,40.59837
117,Queens,0,-73.78005,40.59686
117,Queens,0,-73.77742,40.59881
117,Queens,0,-73.776,40.60139
117,Queens,0,-73.77498,40.60175
117,Queens,0,-73.77363,40.59815
117,Queens,0,-73.7681,40.59785
117,Queens,0,-73.76772,40.59626
117,Queens,0,-73.76696,40.59807
117,Queens,0,-73.766,40.59872
117,Queens,0,-73.76654,40.59943
117,Queens,0,-73.76445,40.60044
117,Queens,0,-73.76336,40.59911
117,Queens,0,-73.76166,40.59997
117,Queens,0,-73.76129,40.59955
117,Queens,0,-73.76333,40.59782
117,Queens,0,-73.76278,40.59476
117,Queens,0,-73.7644,40.59457
117,Queens,0,-73.76376,40.59144
117,Queens,0,-73.78043,40.5896
117,Queens,0,-73.7886,40.58748
117,Queens,0,-73.81352,40.58347
117,Queens,0,-73.81731,40.58233
117,Queens,0,-73.81751,40.58279
117,Queens,0,-73.81545,40.58337
117,Queens,0,-73.81788,40.58745
117,Queens,0,-73.81909,40.58783
117,Queens,0,-73.81742,40.58892
117,Queens,0,-73.81764,40.58929
117,Queens,0,-73.81341,40.59092
117,Queens,0,-73.81359,40.5917
117,Queens,0,-73.81323,40.59107
117,Queens,0,-73.8117,40.59159
117,Queens,0,-73.81149,40.5929
117,Queens,0,-73.81133,40.59175
117,Queens,0,-73.81082,40.59209
117,Queens,0,-73.81139,40.59244
117,Queens,0,-73.81141,40.59287
117,Queens,0,-73.81107,40.59302
117,Queens,0,-73.81136,40.59246
117,Queens,0,-73.81081,40.59209
117,Queens,0,-73.80991,40.59225
117,Queens,0,-73.80959,40.59358
117,Queens,0,-73.80603,40.59201
117,Queens,0,-73.80578,40.59076
117,Queens,0,-73.80581,40.59187
117,Queens,0,-73.8043,40.59132
117,Queens,0,-73.80417,40.59185
117,Queens,0,-73.80783,40.59337
117,Queens,0,-73.80798,40.59416
117,Queens,0,-73.80711,40.59528
117,Queens,0,-73.80604,40.59555
117,Queens,0,-73.80411,40.59432
117,Queens,0,-73.80381,40.59289
117,Queens,0,-73.80244,40.59264
117,Queens,0,-73.80251,40.59395
117,Queens,0,-73.80314,40.59376
117,Queens,0,-73.80318,40.59395
117,Queens,0,-73.80257,40.59427
117,Queens,0,-73.80324,40.59409
117,Queens,0,-73.80329,40.59428
117,Queens,0,-73.80235,40.5945
117,Queens,0,-73.80344,40.59443
117,Queens,0,-73.80321,40.59515
117,Queens,0,-73.8039,40.59499
117,Queens,0,-73.80331,40.59518
117,Queens,0,-73.80368,40.5952
117,Queens,0,-73.80486,40.59673
117,Queens,0,-73.80513,40.59661
117,Queens,0,-73.80525,40.5969
117,Queens,0,-73.80298,40.59884
117,Queens,0,-73.79233,40.59995
117,Queens,0,-73.78786,40.60311
117,Queens,0,-73.78635,40.60319
117,Queens,0,-73.78793,40.601
117,Queens,0,-73.79034,40.59919
117,Queens,0,-73.79103,40.59553
117,Queens,0,-73.79042,40.59475
117,Queens,0,-73.79057,40.59495
117,Queens,0,-73.79081,40.59609
117,Queens,0,-73.79059,40.59611
117,Queens,0,-73.79015,40.59477
117,Queens,0,-73.79042,40.59605
117,Queens,0,-73.79018,40.59607
117,Queens,0,-73.78974,40.59474
117,Queens,0,-73.79,40.59621
117,Queens,0,-73.7894,40.59495
117,Queens,0,-73.78907,40.59802
117,Queens,0,-73.78351,40.60256
117,Queens,0,-73.78313,40.60376
117,Queens,0,-73.78395,40.60482
117,Queens,0,-73.78367,40.60532
117,Queens,0,-73.77927,40.60931
119,Bronx,0,-73.92478,40.84475
119,Bronx,0,-73.91729,40.84511
119,Bronx,0,-73.91795,40.84223
119,Bronx,0,-73.91618,40.84233
119,Bronx,0,-73.91902,40.83838
119,Bronx,0,-73.92399,40.83505
119,Bronx,0,-73.92803,40.82972
119,Bronx,0,-73.93003,40.82859
119,Bronx,0,-73.93307,40.82816
119,Bronx,0,-73.93361,40.83279
119,Bronx,0,-73.93314,40.83519
119,Bronx,0,-73.92862,40.84468
119,Bronx,0,-73.92808,40.84539
119,Bronx,0,-73.92478,40.84475
120,Manhattan,0,-73.92295,40.85885
120,Manhattan,0,-73.92283,40.85685
120,Manhattan,0,-73.92204,40.85685
120,Manhattan,0,-73.92228,40.85565
120,Manhattan,0,-73.92972,40.84523
120,Manhattan,0,-73.93436,40.8362
120,Manhattan,0,-73.93839,40.83311
120,Manhattan,0,-73.94035,40.83046
120,Manhattan,0,-73.94025,40.83184
120,Manhattan,0,-73.93804,40.83429
120,Manhattan,0,-73.93506,40.83933
120,Manhattan,0,-73.93557,40.84171
120,Manhattan,0,-73.93062,40.84848
120,Manhattan,0,-73.92971,40.84812
120,Manhattan,0,-73.92708,40.85143
120,Manhattan,0,-73.92703,40.8522
120,Manhattan,0,-73.9277,40.85249
120,Manhattan,0,-73.92467,40.85698
120,Manhattan,0,-73.92519,40.85803
120,Manhattan,0,-73.92618,40.85815
120,Manhattan,0,-73.92691,40.85751
120,Manhattan,0,-73.9271,40.85828
120,Manhattan,0,-73.92529,40.86013
120,Manhattan,0,-73.925,40.86146
120,Manhattan,0,-73.92295,40.85885
121,Queens,0,-73.81505,40.73894
121,Queens,0,-73.79585,40.73807
121,Queens,0,-73.79459,40.73505
121,Queens,0,-73.79379,40.7307
121,Queens,0,-73.79045,40.72355
121,Queens,0,-73.79038,40.7201
121,Queens,0,-73.79073,40.71921
121,Queens,0,-73.80022,40.71674
121,Queens,0,-73.80781,40.71585
121,Queens,0,-73.80904,40.71991
121,Queens,0,-73.80453,40.72146
121,Queens,0,-73.80488,40.72505
121,Queens,0,-73.80652,40.72487
121,Queens,0,-73.80717,40.72827
121,Queens,0,-73.81112,40.72782
121,Queens,0,-73.81074,40.72627
121,Queens,0,-73.8151,40.72854
121,Queens,0,-73.81505,40.73894
122,Queens,0,-73.75833,40.71958
122,Queens,0,-73.75371,40.71332
122,Queens,0,-73.75047,40.70564
122,Queens,0,-73.76096,40.70291
122,Queens,0,-73.76126,40.7036
122,Queens,0,-73.76612,40.70233
122,Queens,0,-73.76826,40.70953
122,Queens,0,-73.77172,40.71032
122,Queens,0,-73.76944,40.71198
122,Queens,0,-73.77192,40.71569
122,Queens,0,-73.76664,40.71765
122,Queens,0,-73.76571,40.71639
122,Queens,0,-73.75833,40.71958
123,Brooklyn,0,-73.96286,40.61255
123,Brooklyn,0,-73.96238,40.60999
123,Brooklyn,0,-73.95859,40.6104
123,Brooklyn,0,-73.95683,40.60109
123,Brooklyn,0,-73.95776,40.60099
123,Brooklyn,0,-73.95608,40.5921
123,Brooklyn,0,-73.957,40.592
123,Brooklyn,0,-73.95619,40.58776
123,Brooklyn,0,-73.96035,40.58731
123,Brooklyn,0,-73.96068,40.5916
123,Brooklyn,0,-73.97115,40.59044
123,Brooklyn,0,-73.9719,40.59435
123,Brooklyn,0,-73.97133,40.59635
123,Brooklyn,0,-73.97191,40.59942
123,Brooklyn,0,-73.97291,40.59932
123,Brooklyn,0,-73.97218,40.60419
123,Brooklyn,0,-73.97299,40.60881
123,Brooklyn,0,-73.9643,40.60978
123,Brooklyn,0,-73.96478,40.61233
123,Brooklyn,0,-73.96286,40.61255
124,Queens,0,-73.86132,40.67502
124,Queens,0,-73.84244,40.66929
124,Queens,0,-73.84216,40.6687
124,Queens,0,-73.83335,40.66677
124,Queens,0,-73.8286,40.6572
124,Queens,0,-73.82639,40.64832
124,Queens,0,-73.82891,40.64938
124,Queens,0,-73.83133,40.65275
124,Queens,0,-73.83158,40.65381
124,Queens,0,-73.82901,40.65611
124,Queens,0,-73.83044,40.65552
124,Queens,0,-73.83171,40.65393
124,Queens,0,-73.83222,40.65446
124,Queens,0,-73.83149,40.65498
124,Queens,0,-73.83116,40.65592
124,Queens,0,-73.82938,40.65651
124,Queens,0,-73.82897,40.65721
124,Queens,0,-73.82918,40.6578
124,Queens,0,-73.83013,40.6584
124,Queens,0,-73.82971,40.6585
124,Queens,0,-73.8296,40.65866
124,Queens,0,-73.83015,40.65981
124,Queens,0,-73.8297,40.65866
124,Queens,0,-73.83024,40.65835
124,Queens,0,-73.82909,40.65733
124,Queens,0,-73.83127,40.656
124,Queens,0,-73.83185,40.65489
124,Queens,0,-73.8329,40.65748
124,Queens,0,-73.83194,40.65617
124,Queens,0,-73.8326,40.65783
124,Queens,0,-73.83097,40.65823
124,Queens,0,-73.83338,40.65805
124,Queens,0,-73.83109,40.64848
124,Queens,0,-73.83167,40.64797
124,Queens,0,-73.83561,40.64851
124,Queens,0,-73.83879,40.66109
124,Queens,0,-73.83806,40.66201
124,Queens,0,-73.83874,40.66245
124,Queens,0,-73.83998,40.6619
124,Queens,0,-73.83979,40.66049
124,Queens,0,-73.83592,40.6455
124,Queens,0,-73.84951,40.64413
124,Queens,0,-73.85183,40.64586
124,Queens,0,-73.8523,40.64777
124,Queens,0,-73.8494,40.65143
124,Queens,0,-73.85078,40.65153
124,Queens,0,-73.85251,40.65055
124,Queens,0,-73.85592,40.65131
124,Queens,0,-73.85671,40.6528
124,Queens,0,-73.85828,40.65299
124,Queens,0,-73.85931,40.65497
124,Queens,0,-73.86136,40.65641
124,Queens,0,-73.85983,40.65698
124,Queens,0,-73.85964,40.65846
124,Queens,0,-73.86023,40.6589
124,Queens,0,-73.86098,40.65838
124,Queens,0,-73.86061,40.65933
124,Queens,0,-73.86125,40.65872
124,Queens,0,-73.86096,40.65806
124,Queens,0,-73.85977,40.65828
124,Queens,0,-73.86088,40.65691
124,Queens,0,-73.86161,40.657
124,Queens,0,-73.8617,40.65802
124,Queens,0,-73.8627,40.65762
124,Queens,0,-73.86317,40.65828
124,Queens,0,-73.86036,40.65965
124,Queens,0,-73.85761,40.66011
124,Queens,0,-73.85843,40.66345
124,Queens,0,-73.85568,40.66387
124,Queens,0,-73.85763,40.67166
124,Queens,0,-73.86039,40.67127
124,Queens,0,-73.86132,40.67502
125,Manhattan,0,-74.01067,40.72911
125,Manhattan,0,-74.00215,40.72804
125,Manhattan,0,-74.00373,40.72625
125,Manhattan,0,-74.00531,40.72182
125,Manhattan,0,-74.01081,40.72579
125,Manhattan,0,-74.01135,40.72428
125,Manhattan,0,-74.01196,40.72433
125,Manhattan,0,-74.01165,40.72587
125,Manhattan,0,-74.0152,40.72636
125,Manhattan,0,-74.01512,40.72679
125,Manhattan,0,-74.01154,40.72645
125,Manhattan,0,-74.01138,40.72823
125,Manhattan,0,-74.01077,40.72817
125,Manhattan,0,-74.01067,40.72911
126,Bronx,0,-73.88615,40.82731
126,Bronx,0,-73.88753,40.82251
126,Bronx,0,-73.8844,40.82297
126,Bronx,0,-73.88245,40.81927
126,Bronx,0,-73.87673,40.81539
126,Bronx,0,-73.87239,40.81397
126,Bronx,0,-73.87057,40.81209
126,Bronx,0,-73.86811,40.80675
126,Bronx,0,-73.87238,40.80129
126,Bronx,0,-73.87235,40.80017
126,Bronx,0,-73.87298,40.80025
126,Bronx,0,-73.87271,40.80117
126,Bronx,0,-73.87814,40.80132
126,Bronx,0,-73.87791,40.80227
126,Bronx,0,-73.87843,40.8027
126,Bronx,0,-73.88505,40.80213
126,Bronx,0,-73.88796,40.805
126,Bronx,0,-73.88928,40.80518
126,Bronx,0,-73.88922,40.80585
126,Bronx,0,-73.89,40.80489
126,Bronx,0,-73.88937,40.80593
126,Bronx,0,-73.89179,40.80562
126,Bronx,0,-73.89198,40.80638
126,Bronx,0,-73.89271,40.80634
126,Bronx,0,-73.89253,40.80566
126,Bronx,0,-73.89227,40.8057
126,Bronx,0,-73.89128,40.80498
126,Bronx,0,-73.89257,40.80562
126,Bronx,0,-73.89275,40.80634
126,Bronx,0,-73.89485,40.80621
126,Bronx,0,-73.89484,40.80572
126,Bronx,0,-73.8951,40.80686
126,Bronx,0,-73.89528,40.80577
126,Bronx,0,-73.89559,40.80658
126,Bronx,0,-73.89587,40.80581
126,Bronx,0,-73.89611,40.8065
126,Bronx,0,-73.8975,40.80621
126,Bronx,0,-73.89741,40.8058
126,Bronx,0,-73.89801,40.80617
126,Bronx,0,-73.89787,40.80553
126,Bronx,0,-73.89816,40.80614
126,Bronx,0,-73.89854,40.80541
126,Bronx,0,-73.90222,40.80495
126,Bronx,0,-73.90307,40.80988
126,Bronx,0,-73.89543,40.81584
126,Bronx,0,-73.89704,40.8168
126,Bronx,0,-73.89284,40.82097
126,Bronx,0,-73.89588,40.82099
126,Bronx,0,-73.89586,40.82263
126,Bronx,0,-73.8932,40.82401
126,Bronx,0,-73.89487,40.82394
126,Bronx,0,-73.89484,40.82625
126,Bronx,0,-73.88615,40.82731
127,Manhattan,0,-73.91122,40.87303
127,Manhattan,0,-73.91044,40.87138
127,Manhattan,0,-73.91255,40.86651
127,Manhattan,0,-73.91392,40.86475
127,Manhattan,0,-73.91492,40.86458
127,Manhattan,0,-73.91441,40.86417
127,Manhattan,0,-73.9159,40.86431
127,Manhattan,0,-73.9152,40.86395
127,Manhattan,0,-73.91539,40.86308
127,Manhattan,0,-73.91729,40.86168
127,Manhattan,0,-73.9195,40.85879
127,Manhattan,0,-73.92159,40.86007
127,Manhattan,0,-73.92187,40.85918
127,Manhattan,0,-73.92035,40.8582
127,Manhattan,0,-73.92159,40.85707
127,Manhattan,0,-73.92283,40.85685
127,Manhattan,0,-73.92296,40.85891
127,Manhattan,0,-73.92727,40.86553
127,Manhattan,0,-73.92872,40.86674
127,Manhattan,0,-73.92623,40.86851
127,Manhattan,0,-73.92136,40.86955
127,Manhattan,0,-73.91925,40.87101
127,Manhattan,0,-73.9197,40.87206
127,Manhattan,0,-73.91846,40.87302
127,Manhattan,0,-73.91401,40.87116
127,Manhattan,0,-73.91122,40.87303
128,Manhattan,0,-73.92641,40.87762
128,Manhattan,0,-73.92615,40.87709
128,Manhattan,0,-73.92483,40.87744
128,Manhattan,0,-73.92258,40.87692
128,Manhattan,0,-73.92254,40.87424
128,Manhattan,0,-73.92117,40.87307
128,Manhattan,0,-73.91978,40.8736
128,Manhattan,0,-73.9208,40.87419
128,Manhattan,0,-73.9209,40.87547
128,Manhattan,0,-73.91886,40.87464
128,Manhattan,0,-73.91928,40.87364
128,Manhattan,0,-73.91855,40.87318
128,Manhattan,0,-73.91758,40.87455
128,Manhattan,0,-73.91787,40.8739
128,Manhattan,0,-73.91522,40.87449
128,Manhattan,0,-73.91154,40.87325
128,Manhattan,0,-73.91401,40.87116
128,Manhattan,0,-73.91846,40.87302
128,Manhattan,0,-73.9197,40.87206
128,Manhattan,0,-73.91925,40.87101
128,Manhattan,0,-73.92136,40.86955
128,Manhattan,0,-73.92623,40.86851
128,Manhattan,0,-73.92872,40.86674
128,Manhattan,0,-73.93221,40.8701
128,Manhattan,0,-73.92918,40.87556
128,Manhattan,0,-73.92641,40.87762
129,Queens,0,-73.87639,40.769
129,Queens,0,-73.875,40.76126
129,Queens,0,-73.87601,40.76144
129,Queens,0,-73.87514,40.75663
129,Queens,0,-73.87366,40.7568
129,Queens,0,-73.86942,40.74916
129,Queens,0,-73.89175,40.74681
129,Queens,0,-73.89624,40.74872
129,Queens,0,-73.89985,40.75756
129,Queens,0,-73.89438,40.76553
129,Queens,0,-73.89325,40.76627
129,Queens,0,-73.89089,40.76586
129,Queens,0,-73.88506,40.7676
129,Queens,0,-73.87609,40.77154
129,Queens,0,-73.87639,40.769
130,Queens,0,-73.76963,40.71179
130,Queens,0,-73.77172,40.71032
130,Queens,0,-73.76845,40.70964
130,Queens,0,-73.77431,40.70739
130,Queens,0,-73.77555,40.70607
130,Queens,0,-73.77559,40.70533
130,Queens,0,-73.77231,40.70057
130,Queens,0,-73.77396,40.69981
130,Queens,0,-73.78034,40.70541
130,Queens,0,-73.78257,40.70542
130,Queens,0,-73.79239,40.70217
130,Queens,0,-73.79187,40.70137
130,Queens,0,-73.79261,40.70043
130,Queens,0,-73.79786,40.69799
130,Queens,0,-73.80642,40.69087
130,Queens,0,-73.8089,40.69256
130,Queens,0,-73.81063,40.69195
130,Queens,0,-73.81638,40.70245
130,Queens,0,-73.81153,40.70227
130,Queens,0,-73.81201,40.70594
130,Queens,0,-73.80695,40.70737
130,Queens,0,-73.80565,40.70467
130,Queens,0,-73.80166,40.70576
130,Queens,0,-73.80302,40.70814
130,Queens,0,-73.80141,40.70969
130,Queens,0,-73.7987,40.71066
130,Queens,0,-73.79777,40.70914
130,Queens,0,-73.78928,40.71203
130,Queens,0,-73.78658,40.71197
130,Queens,0,-73.77192,40.71569
130,Queens,0,-73.76963,40.71179
131,Queens,0,-73.77733,40.72239
131,Queens,0,-73.77437,40.72426
131,Queens,0,-73.76924,40.7259
131,Queens,0,-73.7567,40.72623
131,Queens,0,-73.75509,40.72449
131,Queens,0,-73.75577,40.72364
131,Queens,0,-73.75233,40.72026
131,Queens,0,-73.75726,40.71814
131,Queens,0,-73.75833,40.71958
131,Queens,0,-73.76571,40.71639
131,Queens,0,-73.76664,40.71765
131,Queens,0,-73.77357,40.71512
131,Queens,0,-73.78658,40.71197
131,Queens,0,-73.78928,40.71203
131,Queens,0,-73.79304,40.71071
131,Queens,0,-73.79359,40.71413
131,Queens,0,-73.7903,40.72089
131,Queens,0,-73.79045,40.72355
131,Queens,0,-73.79174,40.72579
131,Queens,0,-73.77758,40.73019
131,Queens,0,-73.77523,40.72524
131,Queens,0,-73.77804,40.72328
131,Queens,0,-73.77733,40.72239
132,Queens,0,-73.82503,40.66358
132,Queens,0,-73.81497,40.66247
132,Queens,0,-73.81177,40.66293
132,Queens,0,-73.80845,40.66446
132,Queens,0,-73.80073,40.66527
132,Queens,0,-73.78481,40.6635
132,Queens,0,-73.78076,40.66241
132,Queens,0,-73.77419,40.65986
132,Queens,0,-73.75411,40.6487
132,Queens,0,-73.75522,40.64744
132,Queens,0,-73.7534,40.64681
132,Queens,0,-73.74908,40.64363
132,Queens,0,-73.74742,40.64138
132,Queens,0,-73.74849,40.63567
132,Queens,0,-73.76309,40.62966
132,Queens,0,-73.76501,40.62941
132,Queens,0,-73.767,40.62753
132,Queens,0,-73.76878,40.62432
132,Queens,0,-73.76869,40.62267
132,Queens,0,-73.77077,40.62003
132,Queens,0,-73.77172,40.62096
132,Queens,0,-73.77082,40.62328
132,Queens,0,-73.77704,40.62767
132,Queens,0,-73.77999,40.62669
132,Queens,0,-73.78419,40.62089
132,Queens,0,-73.7895,40.62275
132,Queens,0,-73.78347,40.62812
132,Queens,0,-73.78265,40.63025
132,Queens,0,-73.78691,40.63226
132,Queens,0,-73.78949,40.63428
132,Queens,0,-73.79077,40.63386
132,Queens,0,-73.79222,40.63589
132,Queens,0,-73.79923,40.63843
132,Queens,0,-73.81203,40.64431
132,Queens,0,-73.81831,40.64639
132,Queens,0,-73.82183,40.6499
132,Queens,0,-73.82348,40.65537
132,Queens,0,-73.82228,40.65943
132,Queens,0,-73.8187,40.66111
132,Queens,0,-73.81262,40.66016
132,Queens,0,-73.81143,40.66025
132,Queens,0,-73.81144,40.66075
132,Queens,0,-73.81867,40.66213
132,Queens,0,-73.82338,40.66021
132,Queens,0,-73.82498,40.65543
132,Queens,0,-73.82291,40.64809
132,Queens,0,-73.82466,40.64972
132,Queens,0,-73.82586,40.64948
132,Queens,0,-73.82614,40.65008
132,Queens,0,-73.82639,40.64832
132,Queens,0,-73.8286,40.6572
132,Queens,0,-73.83271,40.66541
132,Queens,0,-73.82503,40.66358
133,Brooklyn,0,-73.97819,40.64753
133,Brooklyn,0,-73.97777,40.64534
133,Brooklyn,0,-73.97483,40.64566
133,Brooklyn,0,-73.97464,40.64481
133,Brooklyn,0,-73.97084,40.64638
133,Brooklyn,0,-73.96804,40.63665
133,Brooklyn,0,-73.97029,40.63641
133,Brooklyn,0,-73.96987,40.63419
133,Brooklyn,0,-73.97605,40.63128
133,Brooklyn,0,-73.97689,40.63567
133,Brooklyn,0,-73.97911,40.63544
133,Brooklyn,0,-73.98042,40.64239
133,Brooklyn,0,-73.98299,40.64132
133,Brooklyn,0,-73.98835,40.64456
133,Brooklyn,0,-73.98181,40.64713
133,Brooklyn,0,-73.97819,40.64753
134,Queens,0,-73.82592,40.71599
134,Queens,0,-73.82023,40.70946
134,Queens,0,-73.81638,40.70245
134,Queens,0,-73.82246,40.70366
134,Queens,0,-73.83152,40.70139
134,Queens,0,-73.83213,40.70279
134,Queens,0,-73.83392,40.70235
134,Queens,0,-73.8346,40.70393
134,Queens,0,-73.83662,40.70342
134,Queens,0,-73.8381,40.70616
134,Queens,0,-73.83715,40.70796
134,Queens,0,-73.84315,40.70922
134,Queens,0,-73.82592,40.71599
135,Queens,0,-73.83113,40.74234
135,Queens,0,-73.83143,40.73914
135,Queens,0,-73.83054,40.73752
135,Queens,0,-73.82947,40.73702
135,Queens,0,-73.82809,40.73708
135,Queens,0,-73.82794,40.73849
135,Queens,0,-73.82435,40.73975
135,Queens,0,-73.81693,40.73839
135,Queens,0,-73.81497,40.73856
135,Queens,0,-73.8151,40.72854
135,Queens,0,-73.81074,40.72627
135,Queens,0,-73.81112,40.72782
135,Queens,0,-73.80717,40.72827
135,Queens,0,-73.80652,40.72487
135,Queens,0,-73.80488,40.72505
135,Queens,0,-73.80453,40.72146
135,Queens,0,-73.80904,40.71991
135,Queens,0,-73.80781,40.71585
135,Queens,0,-73.8172,40.71584
135,Queens,0,-73.82019,40.71674
135,Queens,0,-73.81733,40.71766
135,Queens,0,-73.82532,40.71728
135,Queens,0,-73.82731,40.72465
135,Queens,0,-73.83073,40.72655
135,Queens,0,-73.83636,40.73501
135,Queens,0,-73.83565,40.73849
135,Queens,0,-73.83669,40.73954
135,Queens,0,-73.83699,40.74209
135,Queens,0,-73.83586,40.74323
135,Queens,0,-73.83113,40.74234
136,Bronx,0,-73.90319,40.86915
136,Bronx,0,-73.89942,40.86788
136,Bronx,0,-73.8996,40.86873
136,Bronx,0,-73.89892,40.86966
136,Bronx,0,-73.89656,40.86857
136,Bronx,0,-73.90254,40.86058
136,Bronx,0,-73.90351,40.86092
136,Bronx,0,-73.90487,40.85869
136,Bronx,0,-73.90777,40.85961
136,Bronx,0,-73.90976,40.85718
136,Bronx,0,-73.91057,40.85862
136,Bronx,0,-73.91328,40.85962
136,Bronx,0,-73.91051,40.86089
136,Bronx,0,-73.90909,40.8624
136,Bronx,0,-73.91076,40.86165
136,Bronx,0,-73.91423,40.86249
136,Bronx,0,-73.91341,40.86337
136,Bronx,0,-73.91276,40.86303
136,Bronx,0,-73.91227,40.86363
136,Bronx,0,-73.9128,40.8639
136,Bronx,0,-73.91044,40.86653
136,Bronx,0,-73.90865,40.87139
136,Bronx,0,-73.90893,40.87216
136,Bronx,0,-73.90746,40.87355
136,Bronx,0,-73.90452,40.8725
136,Bronx,0,-73.90442,40.87036
136,Bronx,0,-73.90319,40.86915
137,Manhattan,0,-73.97168,40.74305
137,Manhattan,0,-73.97249,40.7358
137,Manhattan,0,-73.97447,40.73628
137,Manhattan,0,-73.97446,40.73567
137,Manhattan,0,-73.97276,40.73551
137,Manhattan,0,-73.97354,40.73494
137,Manhattan,0,-73.9785,40.73679
137,Manhattan,0,-73.97805,40.73755
137,Manhattan,0,-73.98266,40.7395
137,Manhattan,0,-73.97812,40.74573
137,Manhattan,0,-73.97168,40.74305
138,Queens,0,-73.87125,40.78604
138,Queens,0,-73.86978,40.78534
138,Queens,0,-73.86918,40.78594
138,Queens,0,-73.86987,40.78509
138,Queens,0,-73.86944,40.78364
138,Queens,0,-73.86861,40.7838
138,Queens,0,-73.86848,40.78369
138,Queens,0,-73.86942,40.78359
138,Queens,0,-73.87256,40.78082
138,Queens,0,-73.85505,40.7722
138,Queens,0,-73.85646,40.77032
138,Queens,0,-73.85821,40.77032
138,Queens,0,-73.85625,40.76889
138,Queens,0,-73.85705,40.76914
138,Queens,0,-73.85938,40.76708
138,Queens,0,-73.86269,40.76688
138,Queens,0,-73.86043,40.76387
138,Queens,0,-73.8611,40.76366
138,Queens,0,-73.8634,40.76646
138,Queens,0,-73.86728,40.76965
138,Queens,0,-73.87224,40.7717
138,Queens,0,-73.87743,40.7712
138,Queens,0,-73.88771,40.76684
138,Queens,0,-73.88873,40.76892
138,Queens,0,-73.88945,40.77353
138,Queens,0,-73.88567,40.77443
138,Queens,0,-73.88578,40.77402
138,Queens,0,-73.88392,40.77413
138,Queens,0,-73.88484,40.77495
138,Queens,0,-73.88429,40.77547
138,Queens,0,-73.88525,40.77861
138,Queens,0,-73.88493,40.77994
138,Queens,0,-73.87871,40.78059
138,Queens,0,-73.87931,40.78185
138,Queens,0,-73.87886,40.7824
138,Queens,0,-73.87975,40.78284
138,Queens,0,-73.8797,40.78288
138,Queens,0,-73.87883,40.78243
138,Queens,0,-73.87834,40.78303
138,Queens,0,-73.87516,40.78151
138,Queens,0,-73.87125,40.78604
139,Queens,0,-73.74755,40.68935
139,Queens,0,-73.72718,40.6836
139,Queens,0,-73.72852,40.68121
139,Queens,0,-73.74118,40.6664
139,Queens,0,-73.75763,40.66645
139,Queens,0,-73.75644,40.66967
139,Queens,0,-73.75636,40.67243
139,Queens,0,-73.75857,40.67264
139,Queens,0,-73.76031,40.67511
139,Queens,0,-73.75692,40.67653
139,Queens,0,-73.75576,40.67589
139,Queens,0,-73.74755,40.68935
140,Manhattan,0,-73.95854,40.7585
140,Manhattan,0,-73.96197,40.75962
140,Manhattan,0,-73.95269,40.77234
140,Manhattan,0,-73.94749,40.77012
140,Manhattan,0,-73.95442,40.76218
140,Manhattan,0,-73.95854,40.7585
141,Manhattan,0,-73.96178,40.75988
141,Manhattan,0,-73.96658,40.76155
141,Manhattan,0,-73.95729,40.77428
141,Manhattan,0,-73.95269,40.77234
141,Manhattan,0,-73.96178,40.75988
142,Manhattan,0,-73.98148,40.76773
142,Manhattan,0,-73.98237,40.76739
142,Manhattan,0,-73.98806,40.76979
142,Manhattan,0,-73.98067,40.77993
142,Manhattan,0,-73.975,40.77753
142,Manhattan,0,-73.98165,40.76844
142,Manhattan,0,-73.98148,40.76773
143,Manhattan,0,-73.98507,40.78178
143,Manhattan,0,-73.98067,40.77993
143,Manhattan,0,-73.98806,40.76979
143,Manhattan,0,-73.99624,40.77379
143,Manhattan,0,-73.99394,40.77318
143,Manhattan,0,-73.98887,40.77969
143,Manhattan,0,-73.99155,40.77957
143,Manhattan,0,-73.98889,40.77988
143,Manhattan,0,-73.98813,40.7814
143,Manhattan,0,-73.98568,40.78031
143,Manhattan,0,-73.98507,40.78178
144,Manhattan,0,-73.9926,40.72414
144,Manhattan,0,-73.99606,40.71623
144,Manhattan,0,-73.99859,40.7171
144,Manhattan,0,-74.00188,40.7194
144,Manhattan,0,-73.99677,40.72543
144,Manhattan,0,-73.9926,40.72414
145,Queens,0,-73.95081,40.75526
145,Queens,0,-73.93812,40.74979
145,Queens,0,-73.93664,40.7482
145,Queens,0,-73.94033,40.74541
145,Queens,0,-73.94343,40.74423
145,Queens,0,-73.9442,40.74288
145,Queens,0,-73.93726,40.74518
145,Queens,0,-73.9387,40.73814
145,Queens,0,-73.94141,40.7393
145,Queens,0,-73.93867,40.74253
145,Queens,0,-73.94002,40.74321
145,Queens,0,-73.93965,40.74273
145,Queens,0,-73.94159,40.73986
145,Queens,0,-73.94548,40.73821
145,Queens,0,-73.94715,40.7379
145,Queens,0,-73.95381,40.73982
145,Queens,0,-73.95741,40.73956
145,Queens,0,-73.96073,40.73808
145,Queens,0,-73.96256,40.73869
145,Queens,0,-73.96221,40.74001
145,Queens,0,-73.96129,40.74043
145,Queens,0,-73.96191,40.74087
145,Queens,0,-73.96112,40.74135
145,Queens,0,-73.96119,40.74264
145,Queens,0,-73.95978,40.7435
145,Queens,0,-73.96065,40.74413
145,Queens,0,-73.95963,40.74393
145,Queens,0,-73.95939,40.74428
145,Queens,0,-73.95973,40.74427
145,Queens,0,-73.96016,40.74437
145,Queens,0,-73.96013,40.74444
145,Queens,0,-73.95878,40.74456
145,Queens,0,-73.95965,40.74522
145,Queens,0,-73.95849,40.74499
145,Queens,0,-73.95932,40.74554
145,Queens,0,-73.9584,40.74572
145,Queens,0,-73.95899,40.74606
145,Queens,0,-73.95679,40.74884
145,Queens,0,-73.95318,40.74773
145,Queens,0,-73.95649,40.74911
145,Queens,0,-73.95612,40.74976
145,Queens,0,-73.95507,40.74963
145,Queens,0,-73.95399,40.75179
145,Queens,0,-73.95081,40.75526
146,Queens,0,-73.93383,40.7516
146,Queens,0,-73.9374,40.74892
146,Queens,0,-73.93812,40.74979
146,Queens,0,-73.94405,40.75231
146,Queens,0,-73.93679,40.75988
146,Queens,0,-73.92416,40.75396
146,Queens,0,-73.92563,40.75214
146,Queens,0,-73.93383,40.7516
147,Bronx,0,-73.89549,40.82825
147,Bronx,0,-73.89487,40.82394
147,Bronx,0,-73.8932,40.82401
147,Bronx,0,-73.89586,40.82263
147,Bronx,0,-73.89588,40.82099
147,Bronx,0,-73.8929,40.82081
147,Bronx,0,-73.89704,40.8168
147,Bronx,0,-73.89543,40.81584
147,Bronx,0,-73.90307,40.80988
147,Bronx,0,-73.90342,40.81151
147,Bronx,0,-73.90447,40.81228
147,Bronx,0,-73.90061,40.82211
147,Bronx,0,-73.90199,40.82244
147,Bronx,0,-73.90051,40.82601
147,Bronx,0,-73.90165,40.82626
147,Bronx,0,-73.90094,40.82793
147,Bronx,0,-73.89549,40.82825
148,Manhattan,0,-73.98382,40.72147
148,Manhattan,0,-73.98507,40.71908
148,Manhattan,0,-73.98675,40.71959
148,Manhattan,0,-73.98837,40.71645
148,Manhattan,0,-73.98915,40.71671
148,Manhattan,0,-73.99022,40.7144
148,Manhattan,0,-73.9975,40.71407
148,Manhattan,0,-73.99481,40.71846
148,Manhattan,0,-73.9926,40.72414
148,Manhattan,0,-73.98382,40.72147
149,Brooklyn,0,-73.94483,40.61605
149,Brooklyn,0,-73.94355,40.60935
149,Brooklyn,0,-73.94231,40.60827
149,Brooklyn,0,-73.93935,40.61019
149,Brooklyn,0,-73.93754,40.60856
149,Brooklyn,0,-73.93973,40.60713
149,Brooklyn,0,-73.93426,40.60223
149,Brooklyn,0,-73.93503,40.60173
149,Brooklyn,0,-73.93447,40.60123
149,Brooklyn,0,-73.94289,40.60032
149,Brooklyn,0,-73.94248,40.5982
149,Brooklyn,0,-73.95693,40.59661
149,Brooklyn,0,-73.95776,40.60099
149,Brooklyn,0,-73.95683,40.60109
149,Brooklyn,0,-73.95859,40.6104
149,Brooklyn,0,-73.94978,40.61137
149,Brooklyn,0,-73.95027,40.61392
149,Brooklyn,0,-73.94743,40.61422
149,Brooklyn,0,-73.94483,40.61605
150,Brooklyn,0,-73.93127,40.58544
150,Brooklyn,0,-73.9301,40.5845
150,Brooklyn,0,-73.93204,40.58423
150,Brooklyn,0,-73.93193,40.58287
150,Brooklyn,0,-73.94103,40.58307
150,Brooklyn,0,-73.94157,40.58361
150,Brooklyn,0,-73.94255,40.58351
150,Brooklyn,0,-73.94202,40.58311
150,Brooklyn,0,-73.94629,40.58357
150,Brooklyn,0,-73.9458,40.58319
150,Brooklyn,0,-73.95349,40.58299
150,Brooklyn,0,-73.9533,40.582
150,Brooklyn,0,-73.9497,40.58232
150,Brooklyn,0,-73.94274,40.581
150,Brooklyn,0,-73.93258,40.58126
150,Brooklyn,0,-73.93106,40.57627
150,Brooklyn,0,-73.9315,40.57566
150,Brooklyn,0,-73.93494,40.57527
150,Brooklyn,0,-73.93623,40.57585
150,Brooklyn,0,-73.94251,40.57537
150,Brooklyn,0,-73.94428,40.5758
150,Brooklyn,0,-73.94461,40.57523
150,Brooklyn,0,-73.94572,40.57556
150,Brooklyn,0,-73.95236,40.57427
150,Brooklyn,0,-73.95414,40.58311
150,Brooklyn,0,-73.95901,40.58284
150,Brooklyn,0,-73.96005,40.58327
150,Brooklyn,0,-73.96026,40.58503
150,Brooklyn,0,-73.95388,40.58572
150,Brooklyn,0,-73.94866,40.58489
150,Brooklyn,0,-73.93445,40.58665
150,Brooklyn,0,-73.93146,40.5861
150,Brooklyn,0,-73.93127,40.58544
151,Manhattan,0,-73.96004,40.79804
151,Manhattan,0,-73.96418,40.79236
151,Manhattan,0,-73.96526,40.7928
151,Manhattan,0,-73.96987,40.79474
151,Manhattan,0,-73.96942,40.79536
151,Manhattan,0,-73.9764,40.79827
151,Manhattan,0,-73.97287,40.80336
151,Manhattan,0,-73.96004,40.79804
152,Manhattan,0,-73.95951,40.8236
152,Manhattan,0,-73.95083,40.82083
152,Manhattan,0,-73.94992,40.82207
152,Manhattan,0,-73.94854,40.82149
152,Manhattan,0,-73.94808,40.82211
152,Manhattan,0,-73.94608,40.82126
152,Manhattan,0,-73.9492,40.81472
152,Manhattan,0,-73.9521,40.81144
152,Manhattan,0,-73.95408,40.81228
152,Manhattan,0,-73.95571,40.81414
152,Manhattan,0,-73.95627,40.81338
152,Manhattan,0,-73.95949,40.81701
152,Manhattan,0,-73.96203,40.81809
152,Manhattan,0,-73.95882,40.82152
152,Manhattan,0,-73.959,40.82241
152,Manhattan,0,-73.95991,40.82257
152,Manhattan,0,-73.9596,40.82299
152,Manhattan,0,-73.95893,40.82271
152,Manhattan,0,-73.95853,40.82184
152,Manhattan,0,-73.95794,40.82277
152,Manhattan,0,-73.95951,40.8236
153,Manhattan,0,-73.90667,40.87572
153,Manhattan,0,-73.90774,40.87285
153,Manhattan,0,-73.90893,40.87216
153,Manhattan,0,-73.91092,40.87415
153,Manhattan,0,-73.91579,40.87572
153,Manhattan,0,-73.91149,40.87902
153,Manhattan,0,-73.91033,40.87904
153,Manhattan,0,-73.90704,40.8769
153,Manhattan,0,-73.90667,40.87572
154,Brooklyn,0,-73.93605,40.60951
154,Brooklyn,0,-73.93423,40.6079
154,Brooklyn,0,-73.93351,40.60834
154,Brooklyn,0,-73.92987,40.60507
154,Brooklyn,0,-73.92625,40.60741
154,Brooklyn,0,-73.92444,40.60579
154,Brooklyn,0,-73.92158,40.60764
154,Brooklyn,0,-73.92066,40.60675
154,Brooklyn,0,-73.91971,40.6073
154,Brooklyn,0,-73.91443,40.60286
154,Brooklyn,0,-73.91347,40.60291
154,Brooklyn,0,-73.9135,40.60237
154,Brooklyn,0,-73.91302,40.60275
154,Brooklyn,0,-73.91331,40.60226
154,Brooklyn,0,-73.91274,40.60271
154,Brooklyn,0,-73.9131,40.60221
154,Brooklyn,0,-73.91158,40.60214
154,Brooklyn,0,-73.91158,40.60222
154,Brooklyn,0,-73.91231,40.60228
154,Brooklyn,0,-73.91254,40.60236
154,Brooklyn,0,-73.91154,40.60244
154,Brooklyn,0,-73.91261,40.60253
154,Brooklyn,0,-73.91257,40.60268
154,Brooklyn,0,-73.91087,40.60249
154,Brooklyn,0,-73.91156,40.60216
154,Brooklyn,0,-73.91076,40.60203
154,Brooklyn,0,-73.91075,40.60244
154,Brooklyn,0,-73.90904,40.60268
154,Brooklyn,0,-73.91073,40.60202
154,Brooklyn,0,-73.90894,40.60161
154,Brooklyn,0,-73.90768,40.60229
154,Brooklyn,0,-73.90333,40.60246
154,Brooklyn,0,-73.89881,40.60366
154,Brooklyn,0,-73.8922,40.60339
154,Brooklyn,0,-73.88764,40.60528
154,Brooklyn,0,-73.88398,40.60557
154,Brooklyn,0,-73.88269,40.60422
154,Brooklyn,0,-73.88329,40.60292
154,Brooklyn,0,-73.88163,40.59945
154,Brooklyn,0,-73.87991,40.59205
154,Brooklyn,0,-73.87941,40.5921
154,Brooklyn,0,-73.8799,40.59202
154,Brooklyn,0,-73.87971,40.5914
154,Brooklyn,0,-73.87897,40.5909
154,Brooklyn,0,-73.87879,40.58803
154,Brooklyn,0,-73.87672,40.58491
154,Brooklyn,0,-73.8797,40.58014
154,Brooklyn,0,-73.88175,40.57916
154,Brooklyn,0,-73.89552,40.57677
154,Brooklyn,0,-73.89709,40.57989
154,Brooklyn,0,-73.89656,40.58301
154,Brooklyn,0,-73.89814,40.58519
154,Brooklyn,0,-73.89831,40.58684
154,Brooklyn,0,-73.89892,40.58754
154,Brooklyn,0,-73.89973,40.58717
154,Brooklyn,0,-73.89903,40.58768
154,Brooklyn,0,-73.89981,40.58801
154,Brooklyn,0,-73.89991,40.58779
154,Brooklyn,0,-73.90122,40.58738
154,Brooklyn,0,-73.89995,40.58804
154,Brooklyn,0,-73.90072,40.58808
154,Brooklyn,0,-73.90427,40.58691
154,Brooklyn,0,-73.90652,40.58803
154,Brooklyn,0,-73.90713,40.58753
154,Brooklyn,0,-73.90644,40.58703
154,Brooklyn,0,-73.91148,40.58608
154,Brooklyn,0,-73.91197,40.5867
154,Brooklyn,0,-73.91149,40.59111
154,Brooklyn,0,-73.91204,40.59451
154,Brooklyn,0,-73.91513,40.59878
154,Brooklyn,0,-73.92152,40.60192
154,Brooklyn,0,-73.92267,40.60159
154,Brooklyn,0,-73.92457,40.59972
154,Brooklyn,0,-73.92951,40.60271
154,Brooklyn,0,-73.92927,40.60399
154,Brooklyn,0,-73.93117,40.60385
154,Brooklyn,0,-73.93212,40.60271
154,Brooklyn,0,-73.93109,40.60172
154,Brooklyn,0,-73.9272,40.59991
154,Brooklyn,0,-73.92178,40.59503
154,Brooklyn,0,-73.92032,40.59472
154,Brooklyn,0,-73.91656,40.59109
154,Brooklyn,0,-73.91454,40.58994
154,Brooklyn,0,-73.91434,40.58889
154,Brooklyn,0,-73.91819,40.58661
154,Brooklyn,0,-73.92957,40.59682
154,Brooklyn,0,-73.92813,40.59778
154,Brooklyn,0,-73.93355,40.60269
154,Brooklyn,0,-73.93426,40.60223
154,Brooklyn,0,-73.93973,40.60713
154,Brooklyn,0,-73.93605,40.60951
155,Brooklyn,0,-73.91535,40.62999
155,Brooklyn,0,-73.90386,40.62494
155,Brooklyn,0,-73.90546,40.62577
155,Brooklyn,0,-73.90255,40.62444
155,Brooklyn,0,-73.90327,40.62448
155,Brooklyn,0,-73.90283,40.62405
155,Brooklyn,0,-73.90242,40.62446
155,Brooklyn,0,-73.90229,40.62441
155,Brooklyn,0,-73.90284,40.62345
155,Brooklyn,0,-73.90094,40.62253
155,Brooklyn,0,-73.90072,40.62163
155,Brooklyn,0,-73.89644,40.62139
155,Brooklyn,0,-73.89561,40.6198
155,Brooklyn,0,-73.89664,40.61735
155,Brooklyn,0,-73.89586,40.61452
155,Brooklyn,0,-73.8925,40.61379
155,Brooklyn,0,-73.89095,40.61283
155,Brooklyn,0,-73.89394,40.61118
155,Brooklyn,0,-73.89189,40.61153
155,Brooklyn,0,-73.89108,40.61228
155,Brooklyn,0,-73.88972,40.6116
155,Brooklyn,0,-73.89022,40.6104
155,Brooklyn,0,-73.89227,40.60917
155,Brooklyn,0,-73.89335,40.60674
155,Brooklyn,0,-73.89834,40.6053
155,Brooklyn,0,-73.89987,40.60552
155,Brooklyn,0,-73.90088,40.60698
155,Brooklyn,0,-73.90016,40.61008
155,Brooklyn,0,-73.90133,40.61172
155,Brooklyn,0,-73.90249,40.61181
155,Brooklyn,0,-73.90119,40.61056
155,Brooklyn,0,-73.90133,40.61048
155,Brooklyn,0,-73.90717,40.61601
155,Brooklyn,0,-73.90674,40.6163
155,Brooklyn,0,-73.90753,40.61634
155,Brooklyn,0,-73.90781,40.61737
155,Brooklyn,0,-73.90879,40.61744
155,Brooklyn,0,-73.90835,40.61653
155,Brooklyn,0,-73.90914,40.61653
155,Brooklyn,0,-73.90797,40.61574
155,Brooklyn,0,-73.90918,40.61652
155,Brooklyn,0,-73.90896,40.61699
155,Brooklyn,0,-73.9096,40.61639
155,Brooklyn,0,-73.90226,40.61042
155,Brooklyn,0,-73.90178,40.60567
155,Brooklyn,0,-73.90524,40.60491
155,Brooklyn,0,-73.90597,40.60638
155,Brooklyn,0,-73.90864,40.60666
155,Brooklyn,0,-73.90803,40.60536
155,Brooklyn,0,-73.90889,40.60654
155,Brooklyn,0,-73.90985,40.606
155,Brooklyn,0,-73.90833,40.60407
155,Brooklyn,0,-73.91092,40.60351
155,Brooklyn,0,-73.91365,40.60398
155,Brooklyn,0,-73.91674,40.60681
155,Brooklyn,0,-73.91632,40.60868
155,Brooklyn,0,-73.91678,40.60877
155,Brooklyn,0,-73.91657,40.60942
155,Brooklyn,0,-73.91684,40.60876
155,Brooklyn,0,-73.91651,40.60863
155,Brooklyn,0,-73.91709,40.60882
155,Brooklyn,0,-73.91616,40.61052
155,Brooklyn,0,-73.9145,40.61165
155,Brooklyn,0,-73.91493,40.61396
155,Brooklyn,0,-73.91386,40.61464
155,Brooklyn,0,-73.91428,40.61494
155,Brooklyn,0,-73.91642,40.61357
155,Brooklyn,0,-73.91591,40.61385
155,Brooklyn,0,-73.91575,40.61338
155,Brooklyn,0,-73.9164,40.61345
155,Brooklyn,0,-73.91587,40.61291
155,Brooklyn,0,-73.91663,40.61344
155,Brooklyn,0,-73.91573,40.61183
155,Brooklyn,0,-73.91811,40.61021
155,Brooklyn,0,-73.91768,40.60966
155,Brooklyn,0,-73.91856,40.6085
155,Brooklyn,0,-73.91801,40.60815
155,Brooklyn,0,-73.91901,40.60827
155,Brooklyn,0,-73.91814,40.60765
155,Brooklyn,0,-73.91935,40.60804
155,Brooklyn,0,-73.91825,40.60723
155,Brooklyn,0,-73.9195,40.60797
155,Brooklyn,0,-73.91795,40.60621
155,Brooklyn,0,-73.91971,40.6073
155,Brooklyn,0,-73.92066,40.60675
155,Brooklyn,0,-73.92158,40.60764
155,Brooklyn,0,-73.92444,40.60579
155,Brooklyn,0,-73.92625,40.60741
155,Brooklyn,0,-73.92987,40.60507
155,Brooklyn,0,-73.93351,40.60834
155,Brooklyn,0,-73.93423,40.6079
155,Brooklyn,0,-73.93605,40.60951
155,Brooklyn,0,-73.93754,40.60856
155,Brooklyn,0,-73.93935,40.61019
155,Brooklyn,0,-73.94231,40.60827
155,Brooklyn,0,-73.94355,40.60935
155,Brooklyn,0,-73.94483,40.61605
155,Brooklyn,0,-73.94347,40.61739
155,Brooklyn,0,-73.94079,40.6177
155,Brooklyn,0,-73.93687,40.62025
155,Brooklyn,0,-73.9332,40.61697
155,Brooklyn,0,-73.93173,40.61793
155,Brooklyn,0,-73.9263,40.61312
155,Brooklyn,0,-73.9264,40.61448
155,Brooklyn,0,-73.92062,40.61484
155,Brooklyn,0,-73.92053,40.61394
155,Brooklyn,0,-73.9169,40.61627
155,Brooklyn,0,-73.91861,40.63209
155,Brooklyn,0,-73.91716,40.63173
155,Brooklyn,0,-73.91732,40.63101
155,Brooklyn,0,-73.91535,40.62999
157,Queens,0,-73.89783,40.73516
157,Queens,0,-73.88852,40.73453
157,Queens,0,-73.88806,40.73009
157,Queens,0,-73.88756,40.7302
157,Queens,0,-73.88724,40.72893
157,Queens,0,-73.88708,40.72464
157,Queens,0,-73.8903,40.72492
157,Queens,0,-73.89426,40.72314
157,Queens,0,-73.89582,40.7239
157,Queens,0,-73.89835,40.72311
157,Queens,0,-73.89903,40.72386
157,Queens,0,-73.90011,40.7233
157,Queens,0,-73.89982,40.72124
157,Queens,0,-73.8974,40.72155
157,Queens,0,-73.89737,40.72046
157,Queens,0,-73.90063,40.71976
157,Queens,0,-73.90034,40.71802
157,Queens,0,-73.89835,40.7192
157,Queens,0,-73.89727,40.71815
157,Queens,0,-73.89902,40.71738
157,Queens,0,-73.8975,40.71638
157,Queens,0,-73.90477,40.71287
157,Queens,0,-73.90538,40.71288
157,Queens,0,-73.90639,40.71736
157,Queens,0,-73.90966,40.71779
157,Queens,0,-73.91283,40.71536
157,Queens,0,-73.91016,40.71382
157,Queens,0,-73.91078,40.71319
157,Queens,0,-73.92404,40.71401
157,Queens,0,-73.92412,40.71514
157,Queens,0,-73.92353,40.71562
157,Queens,0,-73.92064,40.71577
157,Queens,0,-73.92233,40.71659
157,Queens,0,-73.91132,40.71962
157,Queens,0,-73.91385,40.7229
157,Queens,0,-73.91257,40.72324
157,Queens,0,-73.90518,40.72896
157,Queens,0,-73.90042,40.73465
157,Queens,0,-73.89783,40.73516
158,Manhattan,0,-74.00917,40.74242
158,Manhattan,0,-74.00516,40.74086
158,Manhattan,0,-74.00709,40.72877
158,Manhattan,0,-74.01067,40.72911
158,Manhattan,0,-74.01077,40.72817
158,Manhattan,0,-74.01439,40.72846
158,Manhattan,0,-74.01409,40.73066
158,Manhattan,0,-74.01116,40.73045
158,Manhattan,0,-74.01099,40.73232
158,Manhattan,0,-74.01094,40.73302
158,Manhattan,0,-74.014,40.73333
158,Manhattan,0,-74.01073,40.73346
158,Manhattan,0,-74.01083,40.73401
158,Manhattan,0,-74.01202,40.73406
158,Manhattan,0,-74.01081,40.73428
158,Manhattan,0,-74.01048,40.73806
158,Manhattan,0,-74.01114,40.73839
158,Manhattan,0,-74.01045,40.73836
158,Manhattan,0,-74.01039,40.73917
158,Manhattan,0,-74.01237,40.73975
158,Manhattan,0,-74.01231,40.74019
158,Manhattan,0,-74.01151,40.73997
158,Manhattan,0,-74.01146,40.74058
158,Manhattan,0,-74.01216,40.74061
158,Manhattan,0,-74.01266,40.74075
158,Manhattan,0,-74.0095,40.74073
158,Manhattan,0,-74.00941,40.74115
158,Manhattan,0,-74.01212,40.74176
158,Manhattan,0,-74.00952,40.74149
158,Manhattan,0,-74.00917,40.74242
159,Bronx,0,-73.91189,40.82214
159,Bronx,0,-73.90991,40.82255
159,Bronx,0,-73.90129,40.82048
159,Bronx,0,-73.90447,40.81228
159,Bronx,0,-73.91095,40.81362
159,Bronx,0,-73.91769,40.81608
159,Bronx,0,-73.92048,40.81456
159,Bronx,0,-73.92158,40.81555
159,Bronx,0,-73.92125,40.81622
159,Bronx,0,-73.92309,40.8167
159,Bronx,0,-73.924,40.81544
159,Bronx,0,-73.92663,40.81612
159,Bronx,0,-73.92265,40.82049
159,Bronx,0,-73.91677,40.82439
159,Bronx,0,-73.91588,40.8241
159,Bronx,0,-73.91622,40.82347
159,Bronx,0,-73.91189,40.82214
160,Queens,0,-73.86971,40.72515
160,Queens,0,-73.85963,40.71398
160,Queens,0,-73.85965,40.71338
160,Queens,0,-73.86501,40.71078
160,Queens,0,-73.87016,40.70921
160,Queens,0,-73.86911,40.70709
160,Queens,0,-73.88088,40.70645
160,Queens,0,-73.87761,40.70717
160,Queens,0,-73.88006,40.71265
160,Queens,0,-73.88508,40.71216
160,Queens,0,-73.90477,40.71287
160,Queens,0,-73.8975,40.71638
160,Queens,0,-73.89902,40.71738
160,Queens,0,-73.89727,40.71815
160,Queens,0,-73.89835,40.7192
160,Queens,0,-73.90034,40.71802
160,Queens,0,-73.90063,40.71976
160,Queens,0,-73.89737,40.72046
160,Queens,0,-73.8974,40.72155
160,Queens,0,-73.89982,40.72124
160,Queens,0,-73.90011,40.7233
160,Queens,0,-73.89903,40.72386
160,Queens,0,-73.89835,40.72311
160,Queens,0,-73.89582,40.7239
160,Queens,0,-73.89426,40.72314
160,Queens,0,-73.8903,40.72492
160,Queens,0,-73.88708,40.72464
160,Queens,0,-73.88721,40.72779
160,Queens,0,-73.88009,40.72891
160,Queens,0,-73.87509,40.73067
160,Queens,0,-73.87146,40.72933
160,Queens,0,-73.86971,40.72515
161,Manhattan,0,-73.97124,40.76094
161,Manhattan,0,-73.97581,40.75468
161,Manhattan,0,-73.97652,40.75497
161,Manhattan,0,-73.97837,40.75242
161,Manhattan,0,-73.98412,40.75484
161,Manhattan,0,-73.97769,40.76364
161,Manhattan,0,-73.97124,40.76094
162,Manhattan,0,-73.96658,40.76155
162,Manhattan,0,-73.97445,40.75077
162,Manhattan,0,-73.97837,40.75242
162,Manhattan,0,-73.97652,40.75497
162,Manhattan,0,-73.97581,40.75468
162,Manhattan,0,-73.9698,40.76291
162,Manhattan,0,-73.96658,40.76155
163,Manhattan,0,-73.98136,40.76784
163,Manhattan,0,-73.97364,40.76457
163,Manhattan,0,-73.9698,40.76291
163,Manhattan,0,-73.97124,40.76094
163,Manhattan,0,-73.97769,40.76364
163,Manhattan,0,-73.9786,40.7624
163,Manhattan,0,-73.98428,40.76479
163,Manhattan,0,-73.98215,40.76768
163,Manhattan,0,-73.98136,40.76784
164,Manhattan,0,-73.98085,40.74775
164,Manhattan,0,-73.98407,40.74332
164,Manhattan,0,-73.99052,40.74604
164,Manhattan,0,-73.98412,40.75484
164,Manhattan,0,-73.98089,40.75348
164,Manhattan,0,-73.98408,40.7491
164,Manhattan,0,-73.98085,40.74775
165,Brooklyn,0,-73.96041,40.63016
165,Brooklyn,0,-73.95996,40.62778
165,Brooklyn,0,-73.94733,40.62917
165,Brooklyn,0,-73.94642,40.62439
165,Brooklyn,0,-73.94542,40.6245
165,Brooklyn,0,-73.94452,40.61971
165,Brooklyn,0,-73.94651,40.61949
165,Brooklyn,0,-73.94574,40.61536
165,Brooklyn,0,-73.94743,40.61422
165,Brooklyn,0,-73.95027,40.61392
165,Brooklyn,0,-73.94978,40.61137
165,Brooklyn,0,-73.96238,40.60999
165,Brooklyn,0,-73.96472,40.62237
165,Brooklyn,0,-73.96865,40.62194
165,Brooklyn,0,-73.9691,40.62433
165,Brooklyn,0,-73.97047,40.62417
165,Brooklyn,0,-73.97137,40.62893
165,Brooklyn,0,-73.96041,40.63016
166,Manhattan,0,-73.95949,40.81701
166,Manhattan,0,-73.95627,40.81338
166,Manhattan,0,-73.95571,40.81414
166,Manhattan,0,-73.95408,40.81228
166,Manhattan,0,-73.9521,40.81144
166,Manhattan,0,-73.95358,40.80948
166,Manhattan,0,-73.95497,40.81006
166,Manhattan,0,-73.95818,40.8056
166,Manhattan,0,-73.95825,40.80311
166,Manhattan,0,-73.95965,40.80116
166,Manhattan,0,-73.97111,40.80579
166,Manhattan,0,-73.96203,40.81809
166,Manhattan,0,-73.95949,40.81701
167,Bronx,0,-73.8963,40.83354
167,Bronx,0,-73.89717,40.83037
167,Bronx,0,-73.88991,40.83012
167,Bronx,0,-73.88761,40.82934
167,Bronx,0,-73.88601,40.82824
167,Bronx,0,-73.8861,40.82766
167,Bronx,0,-73.8879,40.82674
167,Bronx,0,-73.89293,40.82679
167,Bronx,0,-73.89484,40.82625
167,Bronx,0,-73.89549,40.82825
167,Bronx,0,-73.90094,40.82793
167,Bronx,0,-73.90165,40.82626
167,Bronx,0,-73.90051,40.82601
167,Bronx,0,-73.90199,40.82244
167,Bronx,0,-73.90061,40.82211
167,Bronx,0,-73.90129,40.82048
167,Bronx,0,-73.90991,40.82255
167,Bronx,0,-73.91182,40.82204
167,Bronx,0,-73.91622,40.82347
167,Bronx,0,-73.91588,40.8241
167,Bronx,0,-73.91677,40.82439
167,Bronx,0,-73.91541,40.82577
167,Bronx,0,-73.91351,40.8248
167,Bronx,0,-73.91317,40.82546
167,Bronx,0,-73.91131,40.82485
167,Bronx,0,-73.91169,40.82776
167,Bronx,0,-73.90896,40.83023
167,Bronx,0,-73.90553,40.8291
167,Bronx,0,-73.90123,40.8355
167,Bronx,0,-73.89697,40.83435
167,Bronx,0,-73.8963,40.83354
168,Bronx,0,-73.92663,40.81612
168,Bronx,0,-73.924,40.81544
168,Bronx,0,-73.92309,40.8167
168,Bronx,0,-73.92125,40.81622
168,Bronx,0,-73.92158,40.81555
168,Bronx,0,-73.92048,40.81456
168,Bronx,0,-73.91769,40.81608
168,Bronx,0,-73.91095,40.81362
168,Bronx,0,-73.90447,40.81228
168,Bronx,0,-73.90342,40.81151
168,Bronx,0,-73.90229,40.80456
168,Bronx,0,-73.90453,40.80317
168,Bronx,0,-73.90807,40.79957
168,Bronx,0,-73.90779,40.79949
168,Bronx,0,-73.90768,40.79939
168,Bronx,0,-73.90842,40.79944
168,Bronx,0,-73.9083,40.79896
168,Bronx,0,-73.91169,40.79662
168,Bronx,0,-73.91372,40.79679
168,Bronx,0,-73.91905,40.79899
168,Bronx,0,-73.92293,40.80237
168,Bronx,0,-73.92763,40.8027
168,Bronx,0,-73.92765,40.80399
168,Bronx,0,-73.92873,40.8041
168,Bronx,0,-73.93253,40.80882
168,Bronx,0,-73.93243,40.81412
168,Bronx,0,-73.93028,40.81325
168,Bronx,0,-73.92886,40.81488
168,Bronx,0,-73.92732,40.81856
168,Bronx,0,-73.92518,40.81801
168,Bronx,0,-73.92663,40.81612
169,Bronx,0,-73.89817,40.85515
169,Bronx,0,-73.89864,40.85391
169,Bronx,0,-73.8971,40.85517
169,Bronx,0,-73.89561,40.85457
169,Bronx,0,-73.90134,40.84443
169,Bronx,0,-73.90483,40.8448
169,Bronx,0,-73.90502,40.8424
169,Bronx,0,-73.91046,40.84279
169,Bronx,0,-73.9169,40.84512
169,Bronx,0,-73.91416,40.84518
169,Bronx,0,-73.90557,40.85579
169,Bronx,0,-73.90186,40.85459
169,Bronx,0,-73.90078,40.85605
169,Bronx,0,-73.89817,40.85515
170,Manhattan,0,-73.97122,40.74692
170,Manhattan,0,-73.97351,40.74378
170,Manhattan,0,-73.97812,40.74573
170,Manhattan,0,-73.98086,40.74197
170,Manhattan,0,-73.98407,40.74332
170,Manhattan,0,-73.98085,40.74775
170,Manhattan,0,-73.98408,40.7491
170,Manhattan,0,-73.98089,40.75348
170,Manhattan,0,-73.97445,40.75077
170,Manhattan,0,-73.97583,40.74886
170,Manhattan,0,-73.97122,40.74692
171,Queens,0,-73.79318,40.7704
171,Queens,0,-73.79396,40.7647
171,Queens,0,-73.79303,40.76462
171,Queens,0,-73.79344,40.76076
171,Queens,0,-73.79076,40.76099
171,Queens,0,-73.79032,40.75782
171,Queens,0,-73.79493,40.7578
171,Queens,0,-73.8003,40.7597
171,Queens,0,-73.81105,40.76142
171,Queens,0,-73.82064,40.75887
171,Queens,0,-73.82348,40.76465
171,Queens,0,-73.82467,40.77041
171,Queens,0,-73.82656,40.77014
171,Queens,0,-73.82657,40.77235
171,Queens,0,-73.82583,40.77592
171,Queens,0,-73.82433,40.77674
171,Queens,0,-73.82331,40.77958
171,Queens,0,-73.81453,40.77889
171,Queens,0,-73.81486,40.77649
171,Queens,0,-73.79853,40.77519
171,Queens,0,-73.79318,40.7704
173,Queens,0,-73.87366,40.7568
173,Queens,0,-73.85437,40.75812
173,Queens,0,-73.85313,40.75511
173,Queens,0,-73.8558,40.75441
173,Queens,0,-73.85456,40.75196
173,Queens,0,-73.85583,40.75158
173,Queens,0,-73.85443,40.74885
173,Queens,0,-73.86791,40.74493
173,Queens,0,-73.86853,40.74759
173,Queens,0,-73.87366,40.7568
174,Bronx,0,-73.87804,40.88712
174,Bronx,0,-73.87813,40.88215
174,Bronx,0,-73.87468,40.88156
174,Bronx,0,-73.87495,40.87995
174,Bronx,0,-73.87024,40.88023
174,Bronx,0,-73.87255,40.87518
174,Bronx,0,-73.87619,40.87048
174,Bronx,0,-73.88309,40.86659
174,Bronx,0,-73.88363,40.86726
174,Bronx,0,-73.88147,40.86857
174,Bronx,0,-73.8834,40.87395
174,Bronx,0,-73.88346,40.87606
174,Bronx,0,-73.88528,40.87922
174,Bronx,0,-73.88568,40.87887
174,Bronx,0,-73.88717,40.88258
174,Bronx,0,-73.88705,40.88435
174,Bronx,0,-73.88124,40.88271
174,Bronx,0,-73.87804,40.88712
175,Queens,0,-73.75682,40.75973
175,Queens,0,-73.75584,40.75774
175,Queens,0,-73.75512,40.75848
175,Queens,0,-73.75321,40.75824
175,Queens,0,-73.7523,40.75946
175,Queens,0,-73.75116,40.75907
175,Queens,0,-73.75058,40.75801
175,Queens,0,-73.75005,40.7584
175,Queens,0,-73.74711,40.75417
175,Queens,0,-73.74774,40.75385
175,Queens,0,-73.7471,40.75235
175,Queens,0,-73.74578,40.75156
175,Queens,0,-73.74384,40.74769
175,Queens,0,-73.74626,40.74671
175,Queens,0,-73.74478,40.74328
175,Queens,0,-73.74888,40.74329
175,Queens,0,-73.75347,40.7424
175,Queens,0,-73.75098,40.74002
175,Queens,0,-73.74396,40.74079
175,Queens,0,-73.74307,40.73844
175,Queens,0,-73.74017,40.73848
175,Queens,0,-73.75048,40.72922
175,Queens,0,-73.7567,40.72623
175,Queens,0,-73.76234,40.72954
175,Queens,0,-73.76564,40.73253
175,Queens,0,-73.7637,40.73286
175,Queens,0,-73.76511,40.73456
175,Queens,0,-73.76273,40.73526
175,Queens,0,-73.76249,40.73673
175,Queens,0,-73.76557,40.74326
175,Queens,0,-73.76688,40.74409
175,Queens,0,-73.76773,40.74578
175,Queens,0,-73.75684,40.74932
175,Queens,0,-73.76184,40.75554
175,Queens,0,-73.7624,40.7595
175,Queens,0,-73.758,40.76038
175,Queens,0,-73.75682,40.75973
177,Brooklyn,0,-73.91805,40.68721
177,Brooklyn,0,-73.90005,40.67689
177,Brooklyn,0,-73.92275,40.6671
177,Brooklyn,0,-73.92165,40.67887
177,Brooklyn,0,-73.9163,40.67858
177,Brooklyn,0,-73.91805,40.68721
178,Brooklyn,0,-73.97092,40.62657
178,Brooklyn,0,-73.97047,40.62417
178,Brooklyn,0,-73.9691,40.62433
178,Brooklyn,0,-73.96865,40.62194
178,Brooklyn,0,-73.96472,40.62237
178,Brooklyn,0,-73.96286,40.61255
178,Brooklyn,0,-73.96478,40.61233
178,Brooklyn,0,-73.9643,40.60978
178,Brooklyn,0,-73.97403,40.6087
178,Brooklyn,0,-73.97517,40.61472
178,Brooklyn,0,-73.9729,40.61415
178,Brooklyn,0,-73.97336,40.61654
178,Brooklyn,0,-73.97548,40.61631
178,Brooklyn,0,-73.97537,40.61575
178,Brooklyn,0,-73.97785,40.61729
178,Brooklyn,0,-73.97539,40.62077
178,Brooklyn,0,-73.97705,40.62153
178,Brooklyn,0,-73.97657,40.62199
178,Brooklyn,0,-73.97726,40.62585
178,Brooklyn,0,-73.97092,40.62657
179,Queens,0,-73.93508,40.77794
179,Queens,0,-73.93179,40.77787
179,Queens,0,-73.92988,40.77622
179,Queens,0,-73.92782,40.7767
179,Queens,0,-73.9177,40.77039
179,Queens,0,-73.91996,40.76844
179,Queens,0,-73.91849,40.76773
179,Queens,0,-73.91978,40.76615
179,Queens,0,-73.92219,40.76727
179,Queens,0,-73.92425,40.76472
179,Queens,0,-73.93344,40.76882
179,Queens,0,-73.93494,40.76701
179,Queens,0,-73.93618,40.76769
179,Queens,0,-73.93425,40.77103
179,Queens,0,-73.93481,40.77173
179,Queens,0,-73.93747,40.77253
179,Queens,0,-73.93765,40.77509
179,Queens,0,-73.93508,40.77794
180,Queens,0,-73.8412,40.68335
180,Queens,0,-73.83335,40.66677
180,Queens,0,-73.84216,40.6687
180,Queens,0,-73.84244,40.66929
180,Queens,0,-73.86132,40.67502
180,Queens,0,-73.86235,40.67916
180,Queens,0,-73.86335,40.67935
180,Queens,0,-73.85879,40.68063
180,Queens,0,-73.8582,40.67943
180,Queens,0,-73.85392,40.67969
180,Queens,0,-73.85099,40.68057
180,Queens,0,-73.85198,40.68256
180,Queens,0,-73.84787,40.68149
180,Queens,0,-73.8412,40.68335
181,Brooklyn,0,-73.97041,40.67259
181,Brooklyn,0,-73.97965,40.66124
181,Brooklyn,0,-73.98223,40.66214
181,Brooklyn,0,-73.98509,40.65901
181,Brooklyn,0,-73.98725,40.66038
181,Brooklyn,0,-73.98872,40.6624
181,Brooklyn,0,-73.99064,40.66058
181,Brooklyn,0,-73.99693,40.66437
181,Brooklyn,0,-73.9949,40.66679
181,Brooklyn,0,-73.99277,40.66551
181,Brooklyn,0,-73.9839,40.67615
181,Brooklyn,0,-73.97804,40.68486
181,Brooklyn,0,-73.9771,40.68387
181,Brooklyn,0,-73.97376,40.68303
181,Brooklyn,0,-73.97618,40.67806
181,Brooklyn,0,-73.9695,40.67591
181,Brooklyn,0,-73.96872,40.67392
181,Brooklyn,0,-73.96892,40.67294
181,Brooklyn,0,-73.97041,40.67259
182,Bronx,0,-73.85168,40.8342
182,Bronx,0,-73.86085,40.83361
182,Bronx,0,-73.86271,40.83299
182,Bronx,0,-73.86448,40.84109
182,Bronx,0,-73.85334,40.84247
182,Bronx,0,-73.85168,40.8342
183,Bronx,0,-73.83677,40.84339
183,Bronx,0,-73.83556,40.85196
183,Bronx,0,-73.83464,40.85382
183,Bronx,0,-73.83228,40.85518
183,Bronx,0,-73.8286,40.85572
183,Bronx,0,-73.82722,40.85325
183,Bronx,0,-73.828,40.84862
183,Bronx,0,-73.82611,40.84534
183,Bronx,0,-73.83043,40.84386
183,Bronx,0,-73.83677,40.84339
184,Bronx,0,-73.81443,40.88677
184,Bronx,0,-73.80551,40.88609
184,Bronx,0,-73.79323,40.88282
184,Bronx,0,-73.79492,40.88054
184,Bronx,0,-73.79555,40.88069
184,Bronx,0,-73.79503,40.87975
184,Bronx,0,-73.79744,40.87514
184,Bronx,0,-73.79981,40.87416
184,Bronx,0,-73.80087,40.87159
184,Bronx,0,-73.80252,40.87051
184,Bronx,0,-73.80318,40.87168
184,Bronx,0,-73.8027,40.87221
184,Bronx,0,-73.80339,40.87251
184,Bronx,0,-73.80432,40.87116
184,Bronx,0,-73.80358,40.86995
184,Bronx,0,-73.80283,40.87008
184,Bronx,0,-73.80302,40.86916
184,Bronx,0,-73.80588,40.86907
184,Bronx,0,-73.80574,40.86969
184,Bronx,0,-73.80842,40.87119
184,Bronx,0,-73.80673,40.86877
184,Bronx,0,-73.80487,40.86823
184,Bronx,0,-73.80465,40.86665
184,Bronx,0,-73.803,40.86704
184,Bronx,0,-73.80306,40.86582
184,Bronx,0,-73.80226,40.86561
184,Bronx,0,-73.7978,40.87226
184,Bronx,0,-73.79479,40.8732
184,Bronx,0,-73.79317,40.87706
184,Bronx,0,-73.7944,40.87764
184,Bronx,0,-73.79385,40.87859
184,Bronx,0,-73.78956,40.88126
184,Bronx,0,-73.78912,40.88008
184,Bronx,0,-73.79006,40.87959
184,Bronx,0,-73.78952,40.879
184,Bronx,0,-73.78588,40.87907
184,Bronx,0,-73.78438,40.87842
184,Bronx,0,-73.78471,40.87636
184,Bronx,0,-73.78668,40.87429
184,Bronx,0,-73.78719,40.87273
184,Bronx,0,-73.78625,40.87238
184,Bronx,0,-73.78508,40.87359
184,Bronx,0,-73.78568,40.87239
184,Bronx,0,-73.78526,40.87175
184,Bronx,0,-73.78359,40.87378
184,Bronx,0,-73.78404,40.87283
184,Bronx,0,-73.78307,40.87215
184,Bronx,0,-73.7832,40.87067
184,Bronx,0,-73.7849,40.86976
184,Bronx,0,-73.7856,40.86834
184,Bronx,0,-73.78599,40.86959
184,Bronx,0,-73.78795,40.86985
184,Bronx,0,-73.79139,40.86814
184,Bronx,0,-73.79265,40.86414
184,Bronx,0,-73.79147,40.86221
184,Bronx,0,-73.7919,40.86083
184,Bronx,0,-73.79351,40.86055
184,Bronx,0,-73.7934,40.85995
184,Bronx,0,-73.79455,40.85889
184,Bronx,0,-73.79435,40.85653
184,Bronx,0,-73.79685,40.85626
184,Bronx,0,-73.79799,40.85485
184,Bronx,0,-73.79872,40.85491
184,Bronx,0,-73.79902,40.85396
184,Bronx,0,-73.79796,40.85299
184,Bronx,0,-73.79781,40.85195
184,Bronx,0,-73.79819,40.85059
184,Bronx,0,-73.79949,40.84975
184,Bronx,0,-73.8004,40.84811
184,Bronx,0,-73.80147,40.84877
184,Bronx,0,-73.80418,40.85334
184,Bronx,0,-73.80453,40.85485
184,Bronx,0,-73.80352,40.85556
184,Bronx,0,-73.80478,40.86155
184,Bronx,0,-73.80593,40.86194
184,Bronx,0,-73.80612,40.85981
184,Bronx,0,-73.80783,40.86032
184,Bronx,0,-73.80768,40.85854
184,Bronx,0,-73.81089,40.86235
184,Bronx,0,-73.81411,40.86373
184,Bronx,0,-73.81641,40.86118
184,Bronx,0,-73.81382,40.86055
184,Bronx,0,-73.81273,40.85888
184,Bronx,0,-73.81231,40.85416
184,Bronx,0,-73.81641,40.85408
184,Bronx,0,-73.81684,40.85363
184,Bronx,0,-73.81712,40.85127
184,Bronx,0,-73.81572,40.85082
184,Bronx,0,-73.81625,40.85019
184,Bronx,0,-73.81507,40.84913
184,Bronx,0,-73.82014,40.84802
184,Bronx,0,-73.82048,40.8485
184,Bronx,0,-73.82496,40.84611
184,Bronx,0,-73.82518,40.8427
184,Bronx,0,-73.82624,40.84299
184,Bronx,0,-73.82617,40.84557
184,Bronx,0,-73.828,40.84862
184,Bronx,0,-73.82723,40.85335
184,Bronx,0,-73.8286,40.85572
184,Bronx,0,-73.83129,40.85543
184,Bronx,0,-73.83284,40.85604
184,Bronx,0,-73.82834,40.86089
184,Bronx,0,-73.827,40.85909
184,Bronx,0,-73.82038,40.86103
184,Bronx,0,-73.81579,40.86576
184,Bronx,0,-73.82127,40.86907
184,Bronx,0,-73.8233,40.8731
184,Bronx,0,-73.81993,40.88212
184,Bronx,0,-73.82027,40.88555
184,Bronx,0,-73.81443,40.88677
185,Bronx,0,-73.84005,40.85781
185,Bronx,0,-73.835,40.85657
185,Bronx,0,-73.8405,40.85418
185,Bronx,0,-73.84494,40.84822
185,Bronx,0,-73.84497,40.8501
185,Bronx,0,-73.84431,40.85119
185,Bronx,0,-73.84969,40.85106
185,Bronx,0,-73.85305,40.84955
185,Bronx,0,-73.85457,40.85151
185,Bronx,0,-73.86251,40.84836
185,Bronx,0,-73.86304,40.85061
185,Bronx,0,-73.86519,40.85016
185,Bronx,0,-73.86861,40.85207
185,Bronx,0,-73.8699,40.85577
185,Bronx,0,-73.86819,40.85806
185,Bronx,0,-73.84931,40.85872
185,Bronx,0,-73.84005,40.85781
186,Manhattan,0,-73.98777,40.74979
186,Manhattan,0,-73.99142,40.7448
186,Manhattan,0,-73.9971,40.74721
186,Manhattan,0,-73.99346,40.75219
186,Manhattan,0,-73.98777,40.74979
188,Brooklyn,0,-73.95729,40.6643
188,Brooklyn,0,-73.95721,40.66352
188,Brooklyn,0,-73.9427,40.66406
188,Brooklyn,0,-73.94283,40.66285
188,Brooklyn,0,-73.93068,40.66362
188,Brooklyn,0,-73.92646,40.65981
188,Brooklyn,0,-73.92726,40.65934
188,Brooklyn,0,-73.92834,40.66006
188,Brooklyn,0,-73.92799,40.6568
188,Brooklyn,0,-73.95007,40.65542
188,Brooklyn,0,-73.94957,40.65081
188,Brooklyn,0,-73.95871,40.65039
188,Brooklyn,0,-73.95986,40.65563
188,Brooklyn,0,-73.9619,40.65487
188,Brooklyn,0,-73.96308,40.66213
188,Brooklyn,0,-73.96243,40.66313
188,Brooklyn,0,-73.96062,40.6633
188,Brooklyn,0,-73.96034,40.66411
188,Brooklyn,0,-73.95729,40.6643
189,Brooklyn,0,-73.96007,40.67488
189,Brooklyn,0,-73.96132,40.67141
189,Brooklyn,0,-73.96892,40.67294
189,Brooklyn,0,-73.9695,40.67591
189,Brooklyn,0,-73.97618,40.67806
189,Brooklyn,0,-73.97376,40.68303
189,Brooklyn,0,-73.96135,40.68046
189,Brooklyn,0,-73.96318,40.67553
189,Brooklyn,0,-73.96007,40.67488
190,Brooklyn,0,-73.96308,40.66213
190,Brooklyn,0,-73.9619,40.65487
190,Brooklyn,0,-73.96621,40.65319
190,Brooklyn,0,-73.96465,40.65089
190,Brooklyn,0,-73.9714,40.64826
190,Brooklyn,0,-73.97266,40.65091
190,Brooklyn,0,-73.97233,40.6514
190,Brooklyn,0,-73.97437,40.65819
190,Brooklyn,0,-73.98023,40.66099
190,Brooklyn,0,-73.97041,40.67259
190,Brooklyn,0,-73.96866,40.67302
190,Brooklyn,0,-73.96259,40.67171
190,Brooklyn,0,-73.96096,40.66329
190,Brooklyn,0,-73.96243,40.66313
190,Brooklyn,0,-73.96308,40.66213
191,Queens,0,-73.73147,40.72741
191,Queens,0,-73.72991,40.72327
191,Queens,0,-73.72836,40.72361
191,Queens,0,-73.72816,40.72308
191,Queens,0,-73.73033,40.72216
191,Queens,0,-73.72697,40.71071
191,Queens,0,-73.72678,40.70306
191,Queens,0,-73.73426,40.70322
191,Queens,0,-73.7343,40.70248
191,Queens,0,-73.74078,40.70268
191,Queens,0,-73.7405,40.70343
191,Queens,0,-73.74109,40.70348
191,Queens,0,-73.74591,40.70229
191,Queens,0,-73.745,40.70026
191,Queens,0,-73.74773,40.69955
191,Queens,0,-73.74618,40.69612
191,Queens,0,-73.74863,40.69544
191,Queens,0,-73.75019,40.69891
191,Queens,0,-73.74931,40.69914
191,Queens,0,-73.75205,40.70523
191,Queens,0,-73.75047,40.70564
191,Queens,0,-73.75371,40.71332
191,Queens,0,-73.75726,40.71814
191,Queens,0,-73.75233,40.72026
191,Queens,0,-73.75577,40.72364
191,Queens,0,-73.75509,40.72449
191,Queens,0,-73.7567,40.72623
191,Queens,0,-73.75184,40.72833
191,Queens,0,-73.74672,40.73248
191,Queens,0,-73.74556,40.73064
191,Queens,0,-73.73147,40.72741
192,Queens,0,-73.82426,40.75183
192,Queens,0,-73.82108,40.74856
192,Queens,0,-73.81537,40.74722
192,Queens,0,-73.81416,40.74614
192,Queens,0,-73.80751,40.75014
192,Queens,0,-73.80288,40.74977
192,Queens,0,-73.80335,40.74643
192,Queens,0,-73.79468,40.74721
192,Queens,0,-73.79454,40.74451
192,Queens,0,-73.79723,40.7417
192,Queens,0,-73.7964,40.73828
192,Queens,0,-73.81505,40.73894
192,Queens,0,-73.81678,40.73838
192,Queens,0,-73.82435,40.73975
192,Queens,0,-73.82794,40.73849
192,Queens,0,-73.82809,40.73708
192,Queens,0,-73.82947,40.73702
192,Queens,0,-73.83054,40.73752
192,Queens,0,-73.83143,40.73914
192,Queens,0,-73.83113,40.74234
192,Queens,0,-73.83586,40.74323
192,Queens,0,-73.83544,40.74552
192,Queens,0,-73.83392,40.74753
192,Queens,0,-73.82766,40.74986
192,Queens,0,-73.82584,40.74935
192,Queens,0,-73.82577,40.75097
192,Queens,0,-73.82426,40.75183
193,Queens,0,-73.93425,40.77103
193,Queens,0,-73.93593,40.76778
193,Queens,0,-73.93859,40.76682
193,Queens,0,-73.93601,40.76588
193,Queens,0,-73.937,40.76424
193,Queens,0,-73.93398,40.76283
193,Queens,0,-73.94405,40.75231
193,Queens,0,-73.95081,40.75526
193,Queens,0,-73.94131,40.76692
193,Queens,0,-73.9382,40.76873
193,Queens,0,-73.93574,40.76937
193,Queens,0,-73.93469,40.77043
193,Queens,0,-73.93501,40.77116
193,Queens,0,-73.93425,40.77103
194,Manhattan,0,-73.9164,40.79768
194,Manhattan,0,-73.91444,40.79567
194,Manhattan,0,-73.91378,40.79384
194,Manhattan,0,-73.91685,40.79036
194,Manhattan,0,-73.91856,40.7897
194,Manhattan,0,-73.92412,40.78252
194,Manhattan,0,-73.9281,40.78092
194,Manhattan,0,-73.93105,40.7824
194,Manhattan,0,-73.93502,40.78301
194,Manhattan,0,-73.93598,40.78394
194,Manhattan,0,-73.93571,40.78568
194,Manhattan,0,-73.93084,40.79099
194,Manhattan,0,-73.92972,40.79137
194,Manhattan,0,-73.92807,40.79082
194,Manhattan,0,-73.9261,40.79073
194,Manhattan,0,-73.92616,40.79172
194,Manhattan,0,-73.92657,40.79186
194,Manhattan,0,-73.92561,40.7919
194,Manhattan,0,-73.92674,40.79193
194,Manhattan,0,-73.92657,40.79098
194,Manhattan,0,-73.92787,40.79095
194,Manhattan,0,-73.92714,40.79193
194,Manhattan,0,-73.92827,40.79233
194,Manhattan,0,-73.92832,40.79309
194,Manhattan,0,-73.92694,40.7955
194,Manhattan,0,-73.92726,40.79892
194,Manhattan,0,-73.92549,40.80196
194,Manhattan,0,-73.92263,40.80187
194,Manhattan,0,-73.92031,40.79938
194,Manhattan,0,-73.9164,40.79768
195,Brooklyn,0,-74.00717,40.68636
195,Brooklyn,0,-74.00485,40.68567
195,Brooklyn,0,-74.00596,40.68336
195,Brooklyn,0,-74.00153,40.67727
195,Brooklyn,0,-73.99862,40.67183
195,Brooklyn,0,-74.0003,40.66872
195,Brooklyn,0,-74.00222,40.66858
195,Brooklyn,0,-74.00289,40.66735
195,Brooklyn,0,-74.00586,40.66799
195,Brooklyn,0,-74.00683,40.66605
195,Brooklyn,0,-74.00697,40.66605
195,Brooklyn,0,-74.00475,40.67072
195,Brooklyn,0,-74.00544,40.67092
195,Brooklyn,0,-74.00755,40.66705
195,Brooklyn,0,-74.00709,40.66859
195,Brooklyn,0,-74.00985,40.66852
195,Brooklyn,0,-74.01154,40.66509
195,Brooklyn,0,-74.01575,40.66457
195,Brooklyn,0,-74.0169,40.66485
195,Brooklyn,0,-74.01789,40.66585
195,Brooklyn,0,-74.01858,40.67039
195,Brooklyn,0,-74.01934,40.67162
195,Brooklyn,0,-74.01751,40.67103
195,Brooklyn,0,-74.01649,40.66493
195,Brooklyn,0,-74.01594,40.66547
195,Brooklyn,0,-74.01228,40.66573
195,Brooklyn,0,-74.01034,40.66908
195,Brooklyn,0,-74.01154,40.66978
195,Brooklyn,0,-74.01163,40.67058
195,Brooklyn,0,-74.01425,40.66973
195,Brooklyn,0,-74.01175,40.67066
195,Brooklyn,0,-74.01427,40.67138
195,Brooklyn,0,-74.0152,40.67075
195,Brooklyn,0,-74.01387,40.67188
195,Brooklyn,0,-74.01423,40.67213
195,Brooklyn,0,-74.01569,40.67104
195,Brooklyn,0,-74.01298,40.67333
195,Brooklyn,0,-74.01336,40.67359
195,Brooklyn,0,-74.01512,40.67216
195,Brooklyn,0,-74.01632,40.67291
195,Brooklyn,0,-74.01458,40.67441
195,Brooklyn,0,-74.01496,40.67468
195,Brooklyn,0,-74.01817,40.67194
195,Brooklyn,0,-74.0188,40.67225
195,Brooklyn,0,-74.01727,40.67361
195,Brooklyn,0,-74.01801,40.67391
195,Brooklyn,0,-74.01783,40.67526
195,Brooklyn,0,-74.01886,40.6751
195,Brooklyn,0,-74.01791,40.67651
195,Brooklyn,0,-74.01977,40.67661
195,Brooklyn,0,-74.01995,40.6771
195,Brooklyn,0,-74.01843,40.67791
195,Brooklyn,0,-74.01841,40.67841
195,Brooklyn,0,-74.01966,40.67839
195,Brooklyn,0,-74.01825,40.67855
195,Brooklyn,0,-74.01954,40.67897
195,Brooklyn,0,-74.01928,40.67965
195,Brooklyn,0,-74.01282,40.68362
195,Brooklyn,0,-74.01213,40.68291
195,Brooklyn,0,-74.01411,40.68171
195,Brooklyn,0,-74.01302,40.68041
195,Brooklyn,0,-74.00967,40.68327
195,Brooklyn,0,-74.01077,40.68436
195,Brooklyn,0,-74.01193,40.68389
195,Brooklyn,0,-74.00717,40.68636
196,Queens,0,-73.85763,40.72861
196,Queens,0,-73.85942,40.72646
196,Queens,0,-73.85727,40.72568
196,Queens,0,-73.85805,40.72445
196,Queens,0,-73.86204,40.72596
196,Queens,0,-73.85868,40.72261
196,Queens,0,-73.85729,40.71147
196,Queens,0,-73.85976,40.71185
196,Queens,0,-73.86004,40.71493
196,Queens,0,-73.86929,40.72444
196,Queens,0,-73.87146,40.72933
196,Queens,0,-73.87509,40.73067
196,Queens,0,-73.85887,40.73594
196,Queens,0,-73.85626,40.73096
196,Queens,0,-73.85851,40.73029
196,Queens,0,-73.85763,40.72861
197,Queens,0,-73.83696,40.70421
197,Queens,0,-73.83662,40.70342
197,Queens,0,-73.8346,40.70393
197,Queens,0,-73.83392,40.70235
197,Queens,0,-73.83213,40.70279
197,Queens,0,-73.83152,40.70139
197,Queens,0,-73.82246,40.70366
197,Queens,0,-73.81638,40.70245
197,Queens,0,-73.81063,40.69195
197,Queens,0,-73.82501,40.68795
197,Queens,0,-73.82599,40.68995
197,Queens,0,-73.82851,40.68924
197,Queens,0,-73.82753,40.68724
197,Queens,0,-73.83808,40.68424
197,Queens,0,-73.83697,40.68199
197,Queens,0,-73.84013,40.68115
197,Queens,0,-73.84419,40.68947
197,Queens,0,-73.84501,40.68924
197,Queens,0,-73.84948,40.6982
197,Queens,0,-73.84502,40.69936
197,Queens,0,-73.83696,40.70421
198,Queens,0,-73.90966,40.71779
198,Queens,0,-73.90639,40.71736
198,Queens,0,-73.90538,40.71288
198,Queens,0,-73.88508,40.71216
198,Queens,0,-73.88006,40.71265
198,Queens,0,-73.87761,40.70717
198,Queens,0,-73.88912,40.7056
198,Queens,0,-73.895,40.69971
198,Queens,0,-73.89485,40.69859
198,Queens,0,-73.89578,40.69851
198,Queens,0,-73.89558,40.69713
198,Queens,0,-73.89838,40.69614
198,Queens,0,-73.90123,40.69144
198,Queens,0,-73.9058,40.69413
198,Queens,0,-73.90426,40.6957
198,Queens,0,-73.91181,40.69994
198,Queens,0,-73.91068,40.70105
198,Queens,0,-73.9129,40.70236
198,Queens,0,-73.91181,40.70343
198,Queens,0,-73.92189,40.7094
198,Queens,0,-73.92075,40.71053
198,Queens,0,-73.92223,40.71285
198,Queens,0,-73.92404,40.71401
198,Queens,0,-73.91078,40.71319
198,Queens,0,-73.91016,40.71382
198,Queens,0,-73.91283,40.71536
198,Queens,0,-73.90966,40.71779
199,Bronx,0,-73.88885,40.79871
199,Bronx,0,-73.88665,40.79804
199,Bronx,0,-73.88376,40.79571
199,Bronx,0,-73.87837,40.79452
199,Bronx,0,-73.87288,40.79145
199,Bronx,0,-73.87121,40.79004
199,Bronx,0,-73.87081,40.7879
199,Bronx,0,-73.87309,40.78585
199,Bronx,0,-73.87831,40.78536
199,Bronx,0,-73.88905,40.78737
199,Bronx,0,-73.8903,40.78988
199,Bronx,0,-73.89213,40.79032
199,Bronx,0,-73.89282,40.79282
199,Bronx,0,-73.89179,40.79678
199,Bronx,0,-73.8908,40.79802
199,Bronx,0,-73.88835,40.79814
199,Bronx,0,-73.88885,40.79871
200,Bronx,0,-73.89641,40.9045
200,Bronx,0,-73.89716,40.89937
200,Bronx,0,-73.89643,40.89366
200,Bronx,0,-73.89788,40.89028
200,Bronx,0,-73.9009,40.88891
200,Bronx,0,-73.90286,40.88916
200,Bronx,0,-73.90414,40.88708
200,Bronx,0,-73.90739,40.88782
200,Bronx,0,-73.90901,40.8895
200,Bronx,0,-73.90976,40.88925
200,Bronx,0,-73.91173,40.88822
200,Bronx,0,-73.91489,40.88462
200,Bronx,0,-73.91876,40.88557
200,Bronx,0,-73.9187,40.88689
200,Bronx,0,-73.92059,40.88718
200,Bronx,0,-73.91501,40.90308
200,Bronx,0,-73.91265,40.90807
200,Bronx,0,-73.91165,40.91342
200,Bronx,0,-73.91033,40.91553
200,Bronx,0,-73.89663,40.91142
200,Bronx,0,-73.89641,40.9045
201,Queens,0,-73.81913,40.58804
201,Queens,0,-73.81788,40.58745
201,Queens,0,-73.81545,40.58337
201,Queens,0,-73.81751,40.58279
201,Queens,0,-73.81731,40.58233
201,Queens,0,-73.83387,40.57765
201,Queens,0,-73.86255,40.56681
201,Queens,0,-73.86663,40.57306
201,Queens,0,-73.86361,40.57382
201,Queens,0,-73.86397,40.57503
201,Queens,0,-73.86288,40.57606
201,Queens,0,-73.85044,40.58213
201,Queens,0,-73.84521,40.58158
201,Queens,0,-73.8393,40.58186
201,Queens,0,-73.83855,40.58279
201,Queens,0,-73.83584,40.58288
201,Queens,0,-73.82852,40.58485
201,Queens,0,-73.82804,40.58605
201,Queens,0,-73.8248,40.58715
201,Queens,0,-73.82294,40.58749
201,Queens,0,-73.82146,40.58677
201,Queens,0,-73.81913,40.58804
202,Manhattan,0,-73.94036,40.7705
202,Manhattan,0,-73.95254,40.7571
202,Manhattan,0,-73.96158,40.74941
202,Manhattan,0,-73.95902,40.7536
202,Manhattan,0,-73.94472,40.76979
202,Manhattan,0,-73.94213,40.77203
202,Manhattan,0,-73.94008,40.77293
202,Manhattan,0,-73.94036,40.7705
203,Queens,0,-73.72754,40.67393
203,Queens,0,-73.72826,40.66807
203,Queens,0,-73.72781,40.66322
203,Queens,0,-73.72833,40.66304
203,Queens,0,-73.72593,40.65773
203,Queens,0,-73.72523,40.652
203,Queens,0,-73.73051,40.65031
203,Queens,0,-73.73514,40.64973
203,Queens,0,-73.74144,40.64689
203,Queens,0,-73.74205,40.64147
203,Queens,0,-73.74142,40.6405
203,Queens,0,-73.74227,40.64012
203,Queens,0,-73.73947,40.63571
203,Queens,0,-73.73996,40.63514
203,Queens,0,-73.74247,40.63512
203,Queens,0,-73.74096,40.6373
203,Queens,0,-73.74189,40.63812
203,Queens,0,-73.74397,40.63788
203,Queens,0,-73.74373,40.63902
203,Queens,0,-73.7448,40.63708
203,Queens,0,-73.7465,40.63651
203,Queens,0,-73.74659,40.63711
203,Queens,0,-73.74516,40.63811
203,Queens,0,-73.74704,40.63693
203,Queens,0,-73.74631,40.64139
203,Queens,0,-73.74878,40.64512
203,Queens,0,-73.74945,40.64493
203,Queens,0,-73.75428,40.64789
203,Queens,0,-73.75488,40.64768
203,Queens,0,-73.7546,40.6472
203,Queens,0,-73.75522,40.64744
203,Queens,0,-73.75411,40.6487
203,Queens,0,-73.76406,40.65436
203,Queens,0,-73.76319,40.6559
203,Queens,0,-73.76184,40.65654
203,Queens,0,-73.76166,40.65824
203,Queens,0,-73.75681,40.65709
203,Queens,0,-73.74867,40.65268
203,Queens,0,-73.74333,40.65254
203,Queens,0,-73.74329,40.65613
203,Queens,0,-73.74487,40.65614
203,Queens,0,-73.74506,40.65741
203,Queens,0,-73.74853,40.65758
203,Queens,0,-73.74733,40.65912
203,Queens,0,-73.74679,40.65891
203,Queens,0,-73.74685,40.6608
203,Queens,0,-73.74282,40.66531
203,Queens,0,-73.73955,40.66526
203,Queens,0,-73.73891,40.66595
203,Queens,0,-73.73856,40.6664
203,Queens,0,-73.74118,40.6664
203,Queens,0,-73.72852,40.68121
203,Queens,0,-73.72718,40.6836
203,Queens,0,-73.72586,40.68324
203,Queens,0,-73.72563,40.67959
203,Queens,0,-73.72754,40.67393
205,Queens,0,-73.76637,40.70256
205,Queens,0,-73.76126,40.7036
205,Queens,0,-73.76096,40.70291
205,Queens,0,-73.75205,40.70523
205,Queens,0,-73.74931,40.69914
205,Queens,0,-73.75019,40.69891
205,Queens,0,-73.74863,40.69544
205,Queens,0,-73.74524,40.69637
205,Queens,0,-73.74359,40.69622
205,Queens,0,-73.74468,40.69341
205,Queens,0,-73.75009,40.68592
205,Queens,0,-73.75576,40.67589
205,Queens,0,-73.75692,40.67653
205,Queens,0,-73.76249,40.67419
205,Queens,0,-73.76368,40.67475
205,Queens,0,-73.7638,40.67377
205,Queens,0,-73.7747,40.68049
205,Queens,0,-73.7722,40.68161
205,Queens,0,-73.77329,40.68345
205,Queens,0,-73.77418,40.68324
205,Queens,0,-73.777,40.68628
205,Queens,0,-73.77967,40.68538
205,Queens,0,-73.78149,40.6887
205,Queens,0,-73.78234,40.68841
205,Queens,0,-73.78327,40.68999
205,Queens,0,-73.78078,40.69103
205,Queens,0,-73.77977,40.68928
205,Queens,0,-73.77789,40.68992
205,Queens,0,-73.78024,40.69297
205,Queens,0,-73.77784,40.69432
205,Queens,0,-73.77396,40.69981
205,Queens,0,-73.77231,40.70057
205,Queens,0,-73.77559,40.70533
205,Queens,0,-73.7749,40.70707
205,Queens,0,-73.76845,40.70964
205,Queens,0,-73.76637,40.70256
207,Queens,0,-73.90138,40.75964
207,Queens,0,-73.90357,40.76578
207,Queens,0,-73.90218,40.76732
207,Queens,0,-73.8935,40.76595
207,Queens,0,-73.89454,40.76536
207,Queens,0,-73.89866,40.75992
207,Queens,0,-73.90138,40.75964
208,Bronx,0,-73.82611,40.84534
208,Bronx,0,-73.8254,40.83566
208,Bronx,0,-73.82601,40.83402
208,Bronx,0,-73.82516,40.83461
208,Bronx,0,-73.82463,40.83386
208,Bronx,0,-73.81553,40.83598
208,Bronx,0,-73.81606,40.83577
208,Bronx,0,-73.81557,40.83553
208,Bronx,0,-73.81608,40.83536
208,Bronx,0,-73.81601,40.83398
208,Bronx,0,-73.81476,40.83082
208,Bronx,0,-73.8139,40.83091
208,Bronx,0,-73.81451,40.83061
208,Bronx,0,-73.81386,40.83056
208,Bronx,0,-73.8143,40.83035
208,Bronx,0,-73.81275,40.82825
208,Bronx,0,-73.80993,40.82818
208,Bronx,0,-73.8126,40.82784
208,Bronx,0,-73.81385,40.8268
208,Bronx,0,-73.81372,40.82627
208,Bronx,0,-73.81292,40.82635
208,Bronx,0,-73.81399,40.82607
208,Bronx,0,-73.81342,40.82593
208,Bronx,0,-73.8138,40.8253
208,Bronx,0,-73.81211,40.82555
208,Bronx,0,-73.81328,40.82516
208,Bronx,0,-73.81389,40.82409
208,Bronx,0,-73.80767,40.8259
208,Bronx,0,-73.80595,40.82288
208,Bronx,0,-73.80573,40.82018
208,Bronx,0,-73.80452,40.81893
208,Bronx,0,-73.80337,40.81825
208,Bronx,0,-73.80205,40.81855
208,Bronx,0,-73.79759,40.81651
208,Bronx,0,-73.79738,40.81576
208,Bronx,0,-73.79903,40.81554
208,Bronx,0,-73.80175,40.81287
208,Bronx,0,-73.8014,40.81236
208,Bronx,0,-73.80176,40.81286
208,Bronx,0,-73.80361,40.81252
208,Bronx,0,-73.80436,40.81361
208,Bronx,0,-73.80351,40.81294
208,Bronx,0,-73.80322,40.81336
208,Bronx,0,-73.80346,40.8134
208,Bronx,0,-73.80453,40.81425
208,Bronx,0,-73.80322,40.81337
208,Bronx,0,-73.80352,40.81395
208,Bronx,0,-73.80515,40.81567
208,Bronx,0,-73.80658,40.81659
208,Bronx,0,-73.80508,40.8152
208,Bronx,0,-73.80455,40.81463
208,Bronx,0,-73.80466,40.81454
208,Bronx,0,-73.80705,40.81653
208,Bronx,0,-73.80532,40.81478
208,Bronx,0,-73.80505,40.81289
208,Bronx,0,-73.80224,40.8102
208,Bronx,0,-73.80101,40.81071
208,Bronx,0,-73.80147,40.81014
208,Bronx,0,-73.79854,40.80959
208,Bronx,0,-73.79229,40.80685
208,Bronx,0,-73.79086,40.80734
208,Bronx,0,-73.79028,40.80482
208,Bronx,0,-73.79225,40.804
208,Bronx,0,-73.79339,40.8042
208,Bronx,0,-73.79578,40.80616
208,Bronx,0,-73.79792,40.80669
208,Bronx,0,-73.80186,40.80897
208,Bronx,0,-73.80393,40.80853
208,Bronx,0,-73.80992,40.81293
208,Bronx,0,-73.81389,40.81359
208,Bronx,0,-73.8145,40.81291
208,Bronx,0,-73.81448,40.81352
208,Bronx,0,-73.8162,40.81385
208,Bronx,0,-73.82056,40.81302
208,Bronx,0,-73.82024,40.81243
208,Bronx,0,-73.82107,40.8122
208,Bronx,0,-73.82032,40.81244
208,Bronx,0,-73.82113,40.81245
208,Bronx,0,-73.82059,40.81302
208,Bronx,0,-73.82406,40.81217
208,Bronx,0,-73.82506,40.81183
208,Bronx,0,-73.82481,40.81144
208,Bronx,0,-73.82524,40.81176
208,Bronx,0,-73.82488,40.81127
208,Bronx,0,-73.82565,40.81159
208,Bronx,0,-73.82536,40.81103
208,Bronx,0,-73.82567,40.81158
208,Bronx,0,-73.82554,40.81102
208,Bronx,0,-73.82581,40.81153
208,Bronx,0,-73.83018,40.81083
208,Bronx,0,-73.83217,40.8085
208,Bronx,0,-73.83162,40.80494
208,Bronx,0,-73.83744,40.8062
208,Bronx,0,-73.84043,40.81254
208,Bronx,0,-73.83963,40.81401
208,Bronx,0,-73.83974,40.81641
208,Bronx,0,-73.83696,40.81634
208,Bronx,0,-73.83614,40.8192
208,Bronx,0,-73.83662,40.82711
208,Bronx,0,-73.83709,40.82897
208,Bronx,0,-73.84228,40.82865
208,Bronx,0,-73.84233,40.82907
208,Bronx,0,-73.84189,40.83071
208,Bronx,0,-73.83885,40.83369
208,Bronx,0,-73.83957,40.84055
208,Bronx,0,-73.83771,40.84041
208,Bronx,0,-73.83689,40.84337
208,Bronx,0,-73.83043,40.84386
208,Bronx,0,-73.82611,40.84534
209,Manhattan,0,-74.005,40.71201
209,Manhattan,0,-73.99919,40.70795
209,Manhattan,0,-74.00119,40.70686
209,Manhattan,0,-74.00141,40.70618
209,Manhattan,0,-74.00058,40.70543
209,Manhattan,0,-74.00144,40.70487
209,Manhattan,0,-74.00506,40.70879
209,Manhattan,0,-74.00906,40.71089
209,Manhattan,0,-74.005,40.71201
210,Brooklyn,0,-73.92957,40.59682
210,Brooklyn,0,-73.91806,40.58644
210,Brooklyn,0,-73.92091,40.58559
210,Brooklyn,0,-73.9252,40.58581
210,Brooklyn,0,-73.92721,40.58772
210,Brooklyn,0,-73.92768,40.58736
210,Brooklyn,0,-73.92736,40.58802
210,Brooklyn,0,-73.92792,40.58755
210,Brooklyn,0,-73.92808,40.5877
210,Brooklyn,0,-73.9274,40.58821
210,Brooklyn,0,-73.9279,40.58795
210,Brooklyn,0,-73.92802,40.58807
210,Brooklyn,0,-73.92395,40.59114
210,Brooklyn,0,-73.92863,40.58857
210,Brooklyn,0,-73.92844,40.58903
210,Brooklyn,0,-73.92913,40.58888
210,Brooklyn,0,-73.92876,40.58915
210,Brooklyn,0,-73.92977,40.58929
210,Brooklyn,0,-73.93003,40.58943
210,Brooklyn,0,-73.93058,40.58989
210,Brooklyn,0,-73.9301,40.58961
210,Brooklyn,0,-73.93073,40.59109
210,Brooklyn,0,-73.92971,40.59312
210,Brooklyn,0,-73.93002,40.59409
210,Brooklyn,0,-73.93008,40.5936
210,Brooklyn,0,-73.93043,40.5944
210,Brooklyn,0,-73.93176,40.59428
210,Brooklyn,0,-73.93078,40.5945
210,Brooklyn,0,-73.9326,40.59493
210,Brooklyn,0,-73.9314,40.5918
210,Brooklyn,0,-73.93101,40.59193
210,Brooklyn,0,-73.93156,40.59129
210,Brooklyn,0,-73.93121,40.58953
210,Brooklyn,0,-73.93069,40.58882
210,Brooklyn,0,-73.93009,40.58899
210,Brooklyn,0,-73.9304,40.58847
210,Brooklyn,0,-73.92973,40.58861
210,Brooklyn,0,-73.93039,40.58844
210,Brooklyn,0,-73.92972,40.58756
210,Brooklyn,0,-73.93135,40.58733
210,Brooklyn,0,-73.93125,40.58685
210,Brooklyn,0,-73.92857,40.58706
210,Brooklyn,0,-73.92816,40.58586
210,Brooklyn,0,-73.92752,40.5864
210,Brooklyn,0,-73.92553,40.58498
210,Brooklyn,0,-73.93445,40.58665
210,Brooklyn,0,-73.94866,40.58489
210,Brooklyn,0,-73.95388,40.58572
210,Brooklyn,0,-73.96026,40.58503
210,Brooklyn,0,-73.96035,40.58731
210,Brooklyn,0,-73.95619,40.58776
210,Brooklyn,0,-73.957,40.592
210,Brooklyn,0,-73.95608,40.5921
210,Brooklyn,0,-73.95693,40.59661
210,Brooklyn,0,-73.94248,40.5982
210,Brooklyn,0,-73.94289,40.60032
210,Brooklyn,0,-73.93447,40.60123
210,Brooklyn,0,-73.93503,40.60173
210,Brooklyn,0,-73.93355,40.60269
210,Brooklyn,0,-73.92813,40.59778
210,Brooklyn,0,-73.92957,40.59682
211,Manhattan,0,-73.99677,40.72543
211,Manhattan,0,-74.00188,40.7194
211,Manhattan,0,-74.00539,40.72204
211,Manhattan,0,-74.00373,40.72625
211,Manhattan,0,-74.00215,40.72804
211,Manhattan,0,-73.99677,40.72543
212,Bronx,0,-73.88422,40.823
212,Bronx,0,-73.88461,40.82528
212,Bronx,0,-73.88378,40.82827
212,Bronx,0,-73.8773,40.82874
212,Bronx,0,-73.86085,40.83361
212,Bronx,0,-73.85739,40.8323
212,Bronx,0,-73.85615,40.82677
212,Bronx,0,-73.88422,40.823
213,Bronx,0,-73.8429,40.82857
213,Bronx,0,-73.84002,40.82219
213,Bronx,0,-73.84,40.81993
213,Bronx,0,-73.84199,40.81877
213,Bronx,0,-73.84617,40.81068
213,Bronx,0,-73.8472,40.81058
213,Bronx,0,-73.84821,40.81246
213,Bronx,0,-73.85114,40.8144
213,Bronx,0,-73.85291,40.8145
213,Bronx,0,-73.85261,40.81396
213,Bronx,0,-73.85337,40.81359
213,Bronx,0,-73.85538,40.81429
213,Bronx,0,-73.85347,40.81348
213,Bronx,0,-73.8512,40.81355
213,Bronx,0,-73.84903,40.81212
213,Bronx,0,-73.84997,40.80858
213,Bronx,0,-73.84876,40.80834
213,Bronx,0,-73.84952,40.80806
213,Bronx,0,-73.84842,40.80737
213,Bronx,0,-73.84838,40.80636
213,Bronx,0,-73.84749,40.80545
213,Bronx,0,-73.84865,40.8047
213,Bronx,0,-73.84998,40.80506
213,Bronx,0,-73.8502,40.80451
213,Bronx,0,-73.85661,40.8048
213,Bronx,0,-73.85867,40.80683
213,Bronx,0,-73.85895,40.81027
213,Bronx,0,-73.86013,40.80961
213,Bronx,0,-73.85936,40.80899
213,Bronx,0,-73.85939,40.80817
213,Bronx,0,-73.86065,40.80964
213,Bronx,0,-73.86766,40.81058
213,Bronx,0,-73.87078,40.81449
213,Bronx,0,-73.87806,40.81618
213,Bronx,0,-73.88245,40.81927
213,Bronx,0,-73.8844,40.82297
213,Bronx,0,-73.85636,40.82675
213,Bronx,0,-73.85514,40.82244
213,Bronx,0,-73.8429,40.82408
213,Bronx,0,-73.84391,40.82841
213,Bronx,0,-73.8429,40.82857
215,Queens,0,-73.78034,40.70541
215,Queens,0,-73.77396,40.69981
215,Queens,0,-73.77784,40.69432
215,Queens,0,-73.78024,40.69297
215,Queens,0,-73.77789,40.68992
215,Queens,0,-73.77977,40.68928
215,Queens,0,-73.78078,40.69103
215,Queens,0,-73.79391,40.6863
215,Queens,0,-73.79561,40.68866
215,Queens,0,-73.79995,40.68683
215,Queens,0,-73.79898,40.68486
215,Queens,0,-73.80577,40.68293
215,Queens,0,-73.81063,40.69195
215,Queens,0,-73.8089,40.69256
215,Queens,0,-73.80642,40.69087
215,Queens,0,-73.79786,40.69799
215,Queens,0,-73.79261,40.70043
215,Queens,0,-73.79187,40.70137
215,Queens,0,-73.79239,40.70217
215,Queens,0,-73.78257,40.70542
215,Queens,0,-73.78034,40.70541
216,Queens,0,-73.81063,40.69195
216,Queens,0,-73.80143,40.67367
216,Queens,0,-73.80118,40.6691
216,Queens,0,-73.80203,40.66525
216,Queens,0,-73.80845,40.66446
216,Queens,0,-73.81177,40.66293
216,Queens,0,-73.81497,40.66247
216,Queens,0,-73.82687,40.6637
216,Queens,0,-73.83271,40.66541
216,Queens,0,-73.84013,40.68115
216,Queens,0,-73.83697,40.68199
216,Queens,0,-73.83808,40.68424
216,Queens,0,-73.82753,40.68724
216,Queens,0,-73.82851,40.68924
216,Queens,0,-73.82599,40.68995
216,Queens,0,-73.82501,40.68795
216,Queens,0,-73.81063,40.69195
217,Brooklyn,0,-73.9579,40.70843
217,Brooklyn,0,-73.95191,40.70636
217,Brooklyn,0,-73.94705,40.70366
217,Brooklyn,0,-73.95129,40.70092
217,Brooklyn,0,-73.95381,40.70318
217,Brooklyn,0,-73.95746,40.70082
217,Brooklyn,0,-73.95702,40.69897
217,Brooklyn,0,-73.96284,40.69804
217,Brooklyn,0,-73.96218,40.70022
217,Brooklyn,0,-73.96721,40.70426
217,Brooklyn,0,-73.96839,40.70683
217,Brooklyn,0,-73.96328,40.70773
217,Brooklyn,0,-73.95846,40.70725
217,Brooklyn,0,-73.9579,40.70843
218,Queens,0,-73.7747,40.68049
218,Queens,0,-73.7638,40.67377
218,Queens,0,-73.76368,40.67475
218,Queens,0,-73.76249,40.67419
218,Queens,0,-73.76031,40.67511
218,Queens,0,-73.75857,40.67264
218,Queens,0,-73.75636,40.67243
218,Queens,0,-73.75644,40.66967
218,Queens,0,-73.75763,40.66645
218,Queens,0,-73.77342,40.66803
218,Queens,0,-73.78941,40.66684
218,Queens,0,-73.78809,40.67301
218,Queens,0,-73.78574,40.67239
218,Queens,0,-73.78376,40.67532
218,Queens,0,-73.77723,40.67965
218,Queens,0,-73.7747,40.68049
219,Queens,0,-73.76182,40.66688
219,Queens,0,-73.73856,40.6664
219,Queens,0,-73.73955,40.66526
219,Queens,0,-73.74282,40.66531
219,Queens,0,-73.74405,40.66366
219,Queens,0,-73.74451,40.66382
219,Queens,0,-73.74685,40.6608
219,Queens,0,-73.74679,40.65891
219,Queens,0,-73.74733,40.65912
219,Queens,0,-73.74853,40.65758
219,Queens,0,-73.74506,40.65741
219,Queens,0,-73.74487,40.65614
219,Queens,0,-73.74329,40.65613
219,Queens,0,-73.74333,40.65254
219,Queens,0,-73.74867,40.65268
219,Queens,0,-73.75681,40.65709
219,Queens,0,-73.76166,40.65824
219,Queens,0,-73.76184,40.65654
219,Queens,0,-73.76319,40.6559
219,Queens,0,-73.76406,40.65436
219,Queens,0,-73.77419,40.65986
219,Queens,0,-73.78322,40.66317
219,Queens,0,-73.80203,40.66525
219,Queens,0,-73.80156,40.66675
219,Queens,0,-73.78941,40.66684
219,Queens,0,-73.77342,40.66803
219,Queens,0,-73.76182,40.66688
220,Bronx,0,-73.89788,40.89028
220,Bronx,0,-73.89973,40.88651
220,Bronx,0,-73.89662,40.88596
220,Bronx,0,-73.90369,40.8785
220,Bronx,0,-73.90608,40.87324
220,Bronx,0,-73.90746,40.87355
220,Bronx,0,-73.90682,40.87662
220,Bronx,0,-73.91033,40.87904
220,Bronx,0,-73.91149,40.87902
220,Bronx,0,-73.91579,40.87572
220,Bronx,0,-73.91776,40.87566
220,Bronx,0,-73.91978,40.87642
220,Bronx,0,-73.92274,40.87891
220,Bronx,0,-73.9249,40.87889
220,Bronx,0,-73.92059,40.88718
220,Bronx,0,-73.9187,40.88689
220,Bronx,0,-73.91876,40.88557
220,Bronx,0,-73.91489,40.88462
220,Bronx,0,-73.91173,40.88822
220,Bronx,0,-73.90901,40.8895
220,Bronx,0,-73.90739,40.88782
220,Bronx,0,-73.90414,40.88708
220,Bronx,0,-73.90286,40.88916
220,Bronx,0,-73.9009,40.88891
220,Bronx,0,-73.89835,40.89044
220,Bronx,0,-73.89788,40.89028
222,Brooklyn,0,-73.88221,40.65452
222,Brooklyn,0,-73.8761,40.64621
222,Brooklyn,0,-73.87458,40.64561
222,Brooklyn,0,-73.87842,40.63891
222,Brooklyn,0,-73.88048,40.64098
222,Brooklyn,0,-73.88074,40.64157
222,Brooklyn,0,-73.88007,40.642
222,Brooklyn,0,-73.88139,40.64235
222,Brooklyn,0,-73.88342,40.64452
222,Brooklyn,0,-73.88558,40.64404
222,Brooklyn,0,-73.88743,40.64594
222,Brooklyn,0,-73.88764,40.6478
222,Brooklyn,0,-73.89125,40.65003
222,Brooklyn,0,-73.89001,40.65115
222,Brooklyn,0,-73.88221,40.65452
223,Queens,0,-73.90986,40.79095
223,Queens,0,-73.90033,40.78901
223,Queens,0,-73.89593,40.78565
223,Queens,0,-73.89875,40.78278
223,Queens,0,-73.90115,40.78271
223,Queens,0,-73.90218,40.78178
223,Queens,0,-73.90258,40.78029
223,Queens,0,-73.90129,40.78186
223,Queens,0,-73.89865,40.782
223,Queens,0,-73.89438,40.78424
223,Queens,0,-73.89606,40.78316
223,Queens,0,-73.89477,40.78225
223,Queens,0,-73.89542,40.78172
223,Queens,0,-73.89536,40.78166
223,Queens,0,-73.8946,40.78225
223,Queens,0,-73.89535,40.78165
223,Queens,0,-73.89528,40.78154
223,Queens,0,-73.89416,40.78247
223,Queens,0,-73.89306,40.78185
223,Queens,0,-73.89231,40.78247
223,Queens,0,-73.89275,40.78297
223,Queens,0,-73.89165,40.78219
223,Queens,0,-73.89301,40.7818
223,Queens,0,-73.89165,40.78084
223,Queens,0,-73.89254,40.77955
223,Queens,0,-73.89167,40.77949
223,Queens,0,-73.8912,40.77856
223,Queens,0,-73.89251,40.77739
223,Queens,0,-73.89142,40.77634
223,Queens,0,-73.89183,40.77488
223,Queens,0,-73.89034,40.77324
223,Queens,0,-73.88945,40.77353
223,Queens,0,-73.88873,40.76892
223,Queens,0,-73.88771,40.76684
223,Queens,0,-73.89089,40.76586
223,Queens,0,-73.8935,40.76595
223,Queens,0,-73.91759,40.7699
223,Queens,0,-73.92398,40.77462
223,Queens,0,-73.92303,40.77538
223,Queens,0,-73.92376,40.77655
223,Queens,0,-73.91797,40.78126
223,Queens,0,-73.91996,40.78264
223,Queens,0,-73.91717,40.78419
223,Queens,0,-73.91683,40.78519
223,Queens,0,-73.9126,40.78938
223,Queens,0,-73.90986,40.79095
224,Manhattan,0,-73.9785,40.73679
224,Manhattan,0,-73.97444,40.73532
224,Manhattan,0,-73.97341,40.73128
224,Manhattan,0,-73.97152,40.72935
224,Manhattan,0,-73.97163,40.72663
224,Manhattan,0,-73.98256,40.73135
224,Manhattan,0,-73.9785,40.73679
225,Brooklyn,0,-73.91805,40.68721
225,Brooklyn,0,-73.9163,40.67858
225,Brooklyn,0,-73.92184,40.67895
225,Brooklyn,0,-73.92281,40.68341
225,Brooklyn,0,-73.93501,40.68276
225,Brooklyn,0,-73.93435,40.67956
225,Brooklyn,0,-73.94033,40.67989
225,Brooklyn,0,-73.94395,40.69822
225,Brooklyn,0,-73.93818,40.69864
225,Brooklyn,0,-73.91805,40.68721
226,Queens,0,-73.90944,40.75076
226,Queens,0,-73.91016,40.7485
226,Queens,0,-73.91164,40.74868
226,Queens,0,-73.91188,40.74822
226,Queens,0,-73.91245,40.74592
226,Queens,0,-73.91125,40.74578
226,Queens,0,-73.91194,40.74238
226,Queens,0,-73.91379,40.74251
226,Queens,0,-73.91443,40.74053
226,Queens,0,-73.91567,40.74078
226,Queens,0,-73.91718,40.7369
226,Queens,0,-73.91652,40.73676
226,Queens,0,-73.9169,40.73544
226,Queens,0,-73.91759,40.73524
226,Queens,0,-73.91904,40.73201
226,Queens,0,-73.91734,40.73138
226,Queens,0,-73.91797,40.7285
226,Queens,0,-73.91507,40.72797
226,Queens,0,-73.91505,40.7286
226,Queens,0,-73.91205,40.72851
226,Queens,0,-73.91175,40.72991
226,Queens,0,-73.90712,40.72742
226,Queens,0,-73.91257,40.72324
226,Queens,0,-73.91385,40.7229
226,Queens,0,-73.91132,40.71962
226,Queens,0,-73.92233,40.71659
226,Queens,0,-73.92394,40.71904
226,Queens,0,-73.92424,40.72143
226,Queens,0,-73.92515,40.72234
226,Queens,0,-73.92442,40.72359
226,Queens,0,-73.92037,40.72368
226,Queens,0,-73.9249,40.72451
226,Queens,0,-73.92923,40.72826
226,Queens,0,-73.93453,40.7291
226,Queens,0,-73.93804,40.73051
226,Queens,0,-73.94162,40.73584
226,Queens,0,-73.94594,40.73751
226,Queens,0,-73.94141,40.7393
226,Queens,0,-73.9387,40.73814
226,Queens,0,-73.93726,40.74518
226,Queens,0,-73.9442,40.74288
226,Queens,0,-73.94401,40.74364
226,Queens,0,-73.94033,40.74541
226,Queens,0,-73.93664,40.7482
226,Queens,0,-73.9374,40.74892
226,Queens,0,-73.93383,40.7516
226,Queens,0,-73.92596,40.7521
226,Queens,0,-73.91763,40.75386
226,Queens,0,-73.91547,40.75379
226,Queens,0,-73.91035,40.75275
226,Queens,0,-73.90944,40.75076
227,Brooklyn,0,-73.98906,40.64412
227,Brooklyn,0,-73.99551,40.63981
227,Brooklyn,0,-73.99918,40.64203
227,Brooklyn,0,-74.00736,40.63416
227,Brooklyn,0,-74.00556,40.63308
227,Brooklyn,0,-74.01,40.63011
227,Brooklyn,0,-74.01602,40.63332
227,Brooklyn,0,-74.01684,40.63536
227,Brooklyn,0,-74.01396,40.63815
227,Brooklyn,0,-74.01617,40.63948
227,Brooklyn,0,-74.00214,40.65296
227,Brooklyn,0,-73.99779,40.65029
227,Brooklyn,0,-73.99831,40.64974
227,Brooklyn,0,-73.98906,40.64412
228,Brooklyn,0,-73.99862,40.67183
228,Brooklyn,0,-73.9949,40.66679
228,Brooklyn,0,-73.99693,40.66437
228,Brooklyn,0,-73.99064,40.66058
228,Brooklyn,0,-73.98872,40.6624
228,Brooklyn,0,-73.98725,40.66038
228,Brooklyn,0,-73.99019,40.6576
228,Brooklyn,0,-73.99517,40.65967
228,Brooklyn,0,-74.01617,40.63948
228,Brooklyn,0,-74.01396,40.63815
228,Brooklyn,0,-74.01684,40.63536
228,Brooklyn,0,-74.02141,40.63858
228,Brooklyn,0,-74.02176,40.63982
228,Brooklyn,0,-74.02108,40.64149
228,Brooklyn,0,-74.02475,40.63812
228,Brooklyn,0,-74.02695,40.63945
228,Brooklyn,0,-74.02626,40.64009
228,Brooklyn,0,-74.03267,40.64372
228,Brooklyn,0,-74.03052,40.64527
228,Brooklyn,0,-74.02908,40.6444
228,Brooklyn,0,-74.02915,40.64458
228,Brooklyn,0,-74.02886,40.64487
228,Brooklyn,0,-74.02821,40.64402
228,Brooklyn,0,-74.02605,40.64626
228,Brooklyn,0,-74.02974,40.64849
228,Brooklyn,0,-74.02939,40.6488
228,Brooklyn,0,-74.02572,40.64662
228,Brooklyn,0,-74.02461,40.64715
228,Brooklyn,0,-74.02622,40.64825
228,Brooklyn,0,-74.02488,40.64741
228,Brooklyn,0,-74.02415,40.64762
228,Brooklyn,0,-74.02513,40.64832
228,Brooklyn,0,-74.02554,40.64978
228,Brooklyn,0,-74.02484,40.6506
228,Brooklyn,0,-74.02605,40.65099
228,Brooklyn,0,-74.02553,40.65148
228,Brooklyn,0,-74.02477,40.65069
228,Brooklyn,0,-74.02424,40.65113
228,Brooklyn,0,-74.02542,40.65193
228,Brooklyn,0,-74.02285,40.65117
228,Brooklyn,0,-74.02523,40.65283
228,Brooklyn,0,-74.02154,40.65067
228,Brooklyn,0,-74.02105,40.6511
228,Brooklyn,0,-74.02234,40.65191
228,Brooklyn,0,-74.0209,40.65125
228,Brooklyn,0,-74.02381,40.65304
228,Brooklyn,0,-74.02196,40.65222
228,Brooklyn,0,-74.02119,40.65284
228,Brooklyn,0,-74.0232,40.6541
228,Brooklyn,0,-74.02163,40.65365
228,Brooklyn,0,-74.02115,40.65421
228,Brooklyn,0,-74.02164,40.65488
228,Brooklyn,0,-74.01862,40.65349
228,Brooklyn,0,-74.01812,40.65389
228,Brooklyn,0,-74.02005,40.65534
228,Brooklyn,0,-74.01787,40.65406
228,Brooklyn,0,-74.01715,40.65478
228,Brooklyn,0,-74.01971,40.65658
228,Brooklyn,0,-74.01727,40.65519
228,Brooklyn,0,-74.01639,40.65562
228,Brooklyn,0,-74.01911,40.65737
228,Brooklyn,0,-74.01861,40.65785
228,Brooklyn,0,-74.01585,40.65621
228,Brooklyn,0,-74.01544,40.65663
228,Brooklyn,0,-74.01787,40.65831
228,Brooklyn,0,-74.01505,40.65695
228,Brooklyn,0,-74.01442,40.65761
228,Brooklyn,0,-74.01746,40.65945
228,Brooklyn,0,-74.01554,40.66076
228,Brooklyn,0,-74.01184,40.65891
228,Brooklyn,0,-74.01111,40.65971
228,Brooklyn,0,-74.01402,40.66153
228,Brooklyn,0,-74.01316,40.66198
228,Brooklyn,0,-74.0086,40.65952
228,Brooklyn,0,-74.00746,40.66056
228,Brooklyn,0,-74.01037,40.6624
228,Brooklyn,0,-74.00955,40.66327
228,Brooklyn,0,-74.00428,40.66144
228,Brooklyn,0,-74.00623,40.66279
228,Brooklyn,0,-74.00349,40.66224
228,Brooklyn,0,-74.006,40.66326
228,Brooklyn,0,-74.00561,40.66346
228,Brooklyn,0,-74.00772,40.66472
228,Brooklyn,0,-74.00713,40.66492
228,Brooklyn,0,-74.00605,40.66384
228,Brooklyn,0,-74.00564,40.66453
228,Brooklyn,0,-74.00565,40.6639
228,Brooklyn,0,-74.00363,40.66273
228,Brooklyn,0,-74.00528,40.66466
228,Brooklyn,0,-74.00486,40.66506
228,Brooklyn,0,-74.00083,40.66301
228,Brooklyn,0,-73.99953,40.6644
228,Brooklyn,0,-74.00292,40.66646
228,Brooklyn,0,-73.99998,40.66745
228,Brooklyn,0,-73.99903,40.66844
228,Brooklyn,0,-73.99862,40.67183
229,Manhattan,0,-73.95878,40.75827
229,Manhattan,0,-73.96482,40.7516
229,Manhattan,0,-73.96707,40.75262
229,Manhattan,0,-73.96662,40.75324
229,Manhattan,0,-73.97122,40.75519
229,Manhattan,0,-73.96658,40.76155
229,Manhattan,0,-73.95878,40.75827
230,Manhattan,0,-73.9786,40.7624
230,Manhattan,0,-73.98412,40.75484
230,Manhattan,0,-73.98979,40.75723
230,Manhattan,0,-73.98428,40.76479
230,Manhattan,0,-73.9786,40.7624
231,Manhattan,0,-74.01102,40.72579
231,Manhattan,0,-73.99996,40.71802
231,Manhattan,0,-74.00486,40.71245
231,Manhattan,0,-74.00835,40.71136
231,Manhattan,0,-74.01375,40.71369
231,Manhattan,0,-74.01244,40.71906
231,Manhattan,0,-74.01457,40.72027
231,Manhattan,0,-74.01297,40.72033
231,Manhattan,0,-74.01308,40.72155
231,Manhattan,0,-74.01254,40.7215
231,Manhattan,0,-74.01102,40.72579
232,Manhattan,0,-73.97636,40.71913
232,Manhattan,0,-73.97348,40.71886
232,Manhattan,0,-73.97612,40.71246
232,Manhattan,0,-73.97782,40.71065
232,Manhattan,0,-73.98839,40.70913
232,Manhattan,0,-73.98874,40.70997
232,Manhattan,0,-73.99194,40.70959
232,Manhattan,0,-73.99256,40.71439
232,Manhattan,0,-73.99022,40.7144
232,Manhattan,0,-73.98915,40.71671
232,Manhattan,0,-73.98837,40.71645
232,Manhattan,0,-73.98675,40.71959
232,Manhattan,0,-73.98507,40.71908
232,Manhattan,0,-73.98382,40.72147
232,Manhattan,0,-73.97636,40.71913
233,Manhattan,0,-73.96707,40.75262
233,Manhattan,0,-73.96482,40.7516
233,Manhattan,0,-73.97094,40.74447
233,Manhattan,0,-73.97123,40.74341
233,Manhattan,0,-73.97168,40.74305
233,Manhattan,0,-73.97351,40.74378
233,Manhattan,0,-73.97122,40.74692
233,Manhattan,0,-73.97583,40.74886
233,Manhattan,0,-73.97122,40.75519
233,Manhattan,0,-73.96662,40.75324
233,Manhattan,0,-73.96707,40.75262
234,Manhattan,0,-73.98407,40.74332
234,Manhattan,0,-73.9899,40.73443
234,Manhattan,0,-73.99684,40.73736
234,Manhattan,0,-73.99052,40.74604
234,Manhattan,0,-73.98407,40.74332
235,Bronx,0,-73.90948,40.86181
235,Bronx,0,-73.91328,40.85962
235,Bronx,0,-73.91057,40.85862
235,Bronx,0,-73.90976,40.85718
235,Bronx,0,-73.90777,40.85961
235,Bronx,0,-73.9068,40.85937
235,Bronx,0,-73.90487,40.85869
235,Bronx,0,-73.90566,40.8574
235,Bronx,0,-73.90468,40.85706
235,Bronx,0,-73.91416,40.84518
235,Bronx,0,-73.92478,40.84475
235,Bronx,0,-73.92808,40.84539
235,Bronx,0,-73.92152,40.85451
235,Bronx,0,-73.9203,40.85525
235,Bronx,0,-73.91957,40.85684
235,Bronx,0,-73.91423,40.86249
235,Bronx,0,-73.91076,40.86165
235,Bronx,0,-73.90904,40.86268
235,Bronx,0,-73.90948,40.86181
236,Manhattan,0,-73.94933,40.78519
236,Manhattan,0,-73.95826,40.77297
236,Manhattan,0,-73.96469,40.77568
236,Manhattan,0,-73.95578,40.78791
236,Manhattan,0,-73.94933,40.78519
237,Manhattan,0,-73.95826,40.77297
237,Manhattan,0,-73.96658,40.76155
237,Manhattan,0,-73.97301,40.76428
237,Manhattan,0,-73.96469,40.77568
237,Manhattan,0,-73.95826,40.77297
238,Manhattan,0,-73.96418,40.79236
238,Manhattan,0,-73.96934,40.78529
238,Manhattan,0,-73.98189,40.79052
238,Manhattan,0,-73.9764,40.79827
238,Manhattan,0,-73.96942,40.79536
238,Manhattan,0,-73.96987,40.79474
238,Manhattan,0,-73.96418,40.79236
239,Manhattan,0,-73.98189,40.79052
239,Manhattan,0,-73.96934,40.78529
239,Manhattan,0,-73.975,40.77753
239,Manhattan,0,-73.98507,40.78178
239,Manhattan,0,-73.98568,40.78031
239,Manhattan,0,-73.98813,40.7814
239,Manhattan,0,-73.98547,40.78536
239,Manhattan,0,-73.98617,40.78607
239,Manhattan,0,-73.98712,40.78521
239,Manhattan,0,-73.98613,40.78624
239,Manhattan,0,-73.98543,40.78541
239,Manhattan,0,-73.98508,40.78592
239,Manhattan,0,-73.98577,40.7862
239,Manhattan,0,-73.98466,40.78653
239,Manhattan,0,-73.98595,40.78649
239,Manhattan,0,-73.98462,40.78659
239,Manhattan,0,-73.98189,40.79052
240,Bronx,0,-73.87482,40.89845
240,Bronx,0,-73.87712,40.89547
240,Bronx,0,-73.87049,40.89664
240,Bronx,0,-73.86136,40.89466
240,Bronx,0,-73.86943,40.87813
240,Bronx,0,-73.87094,40.87851
240,Bronx,0,-73.87024,40.88023
240,Bronx,0,-73.87495,40.87995
240,Bronx,0,-73.87468,40.88156
240,Bronx,0,-73.87813,40.88215
240,Bronx,0,-73.87761,40.88452
240,Bronx,0,-73.87804,40.88712
240,Bronx,0,-73.88124,40.88271
240,Bronx,0,-73.88683,40.88434
240,Bronx,0,-73.89973,40.88651
240,Bronx,0,-73.89643,40.89366
240,Bronx,0,-73.89716,40.89937
240,Bronx,0,-73.89636,40.9032
240,Bronx,0,-73.89663,40.91142
240,Bronx,0,-73.86789,40.90299
240,Bronx,0,-73.8701,40.90074
240,Bronx,0,-73.87482,40.89845
241,Bronx,0,-73.89662,40.88596
241,Bronx,0,-73.88705,40.88435
241,Bronx,0,-73.88717,40.88258
241,Bronx,0,-73.88568,40.87887
241,Bronx,0,-73.88774,40.87703
241,Bronx,0,-73.88937,40.87338
241,Bronx,0,-73.88794,40.87203
241,Bronx,0,-73.89157,40.86968
241,Bronx,0,-73.89438,40.86607
241,Bronx,0,-73.8974,40.86747
241,Bronx,0,-73.89656,40.86857
241,Bronx,0,-73.89892,40.86966
241,Bronx,0,-73.8996,40.86873
241,Bronx,0,-73.89942,40.86788
241,Bronx,0,-73.90375,40.8696
241,Bronx,0,-73.90449,40.87058
241,Bronx,0,-73.90447,40.87242
241,Bronx,0,-73.90608,40.87324
241,Bronx,0,-73.90369,40.8785
241,Bronx,0,-73.89855,40.88437
241,Bronx,0,-73.89662,40.88596
242,Bronx,0,-73.83556,40.85196
242,Bronx,0,-73.83771,40.84041
242,Bronx,0,-73.84204,40.84065
242,Bronx,0,-73.84458,40.83854
242,Bronx,0,-73.85052,40.84279
242,Bronx,0,-73.86347,40.84131
242,Bronx,0,-73.86921,40.8396
242,Bronx,0,-73.8736,40.8398
242,Bronx,0,-73.871,40.84311
242,Bronx,0,-73.86804,40.84481
242,Bronx,0,-73.86893,40.84688
242,Bronx,0,-73.86835,40.84708
242,Bronx,0,-73.86786,40.84886
242,Bronx,0,-73.86921,40.84924
242,Bronx,0,-73.86823,40.85091
242,Bronx,0,-73.86861,40.85207
242,Bronx,0,-73.86519,40.85016
242,Bronx,0,-73.86304,40.85061
242,Bronx,0,-73.86251,40.84836
242,Bronx,0,-73.85457,40.85151
242,Bronx,0,-73.85305,40.84955
242,Bronx,0,-73.84969,40.85106
242,Bronx,0,-73.84431,40.85119
242,Bronx,0,-73.84497,40.8501
242,Bronx,0,-73.84494,40.84822
242,Bronx,0,-73.8405,40.85418
242,Bronx,0,-73.835,40.85657
242,Bronx,0,-73.83668,40.85665
242,Bronx,0,-73.83682,40.85728
242,Bronx,0,-73.82847,40.86073
242,Bronx,0,-73.83284,40.85604
242,Bronx,0,-73.83129,40.85543
242,Bronx,0,-73.83464,40.85382
242,Bronx,0,-73.83556,40.85196
243,Manhattan,0,-73.93235,40.86976
243,Manhattan,0,-73.92727,40.86553
243,Manhattan,0,-73.92474,40.86159
243,Manhattan,0,-73.92529,40.86013
243,Manhattan,0,-73.9271,40.85828
243,Manhattan,0,-73.92691,40.85751
243,Manhattan,0,-73.92618,40.85815
243,Manhattan,0,-73.92519,40.85803
243,Manhattan,0,-73.92467,40.85681
243,Manhattan,0,-73.9277,40.85249
243,Manhattan,0,-73.92703,40.8522
243,Manhattan,0,-73.92748,40.85069
243,Manhattan,0,-73.92971,40.84812
243,Manhattan,0,-73.93062,40.84848
243,Manhattan,0,-73.93139,40.84743
243,Manhattan,0,-73.9364,40.84954
243,Manhattan,0,-73.93575,40.85017
243,Manhattan,0,-73.94204,40.85193
243,Manhattan,0,-73.94318,40.8498
243,Manhattan,0,-73.94693,40.85053
243,Manhattan,0,-73.94348,40.85228
243,Manhattan,0,-73.94187,40.85387
243,Manhattan,0,-73.93252,40.86741
243,Manhattan,0,-73.93235,40.86976
244,Manhattan,0,-73.94204,40.85193
244,Manhattan,0,-73.93575,40.85017
244,Manhattan,0,-73.9364,40.84954
244,Manhattan,0,-73.93139,40.84743
244,Manhattan,0,-73.93557,40.84171
244,Manhattan,0,-73.93506,40.83933
244,Manhattan,0,-73.93804,40.83429
244,Manhattan,0,-73.94025,40.83184
244,Manhattan,0,-73.94035,40.83046
244,Manhattan,0,-73.95016,40.8344
244,Manhattan,0,-73.94856,40.83956
244,Manhattan,0,-73.94612,40.84389
244,Manhattan,0,-73.94696,40.85047
244,Manhattan,0,-73.94318,40.8498
244,Manhattan,0,-73.94204,40.85193
246,Manhattan,0,-74.0044,40.76267
246,Manhattan,0,-74.0022,40.76173
246,Manhattan,0,-74.00153,40.76264
246,Manhattan,0,-73.99547,40.75963
246,Manhattan,0,-74.0082,40.74215
246,Manhattan,0,-74.00958,40.74326
246,Manhattan,0,-74.01214,40.74353
246,Manhattan,0,-74.01202,40.74394
246,Manhattan,0,-74.00951,40.74368
246,Manhattan,0,-74.00873,40.74486
246,Manhattan,0,-74.01174,40.74552
246,Manhattan,0,-74.01184,40.74513
246,Manhattan,0,-74.01168,40.74598
246,Manhattan,0,-74.00946,40.74575
246,Manhattan,0,-74.00937,40.74634
246,Manhattan,0,-74.01153,40.74658
246,Manhattan,0,-74.0115,40.74699
246,Manhattan,0,-74.00924,40.74676
246,Manhattan,0,-74.00914,40.74736
246,Manhattan,0,-74.01133,40.748
246,Manhattan,0,-74.00906,40.74779
246,Manhattan,0,-74.00895,40.74841
246,Manhattan,0,-74.01122,40.7487
246,Manhattan,0,-74.00995,40.74893
246,Manhattan,0,-74.00956,40.74994
246,Manhattan,0,-74.01081,40.75032
246,Manhattan,0,-74.00925,40.74999
246,Manhattan,0,-74.00853,40.75188
246,Manhattan,0,-74.00934,40.75236
246,Manhattan,0,-74.00843,40.75216
246,Manhattan,0,-74.00999,40.75282
246,Manhattan,0,-74.00997,40.75293
246,Manhattan,0,-74.00835,40.75235
246,Manhattan,0,-74.00774,40.75434
246,Manhattan,0,-74.0048,40.75781
246,Manhattan,0,-74.007,40.75923
246,Manhattan,0,-74.00648,40.75989
246,Manhattan,0,-74.0045,40.75908
246,Manhattan,0,-74.00391,40.75938
246,Manhattan,0,-74.00432,40.75991
246,Manhattan,0,-74.00367,40.75971
246,Manhattan,0,-74.00234,40.76154
246,Manhattan,0,-74.0044,40.76267
247,Bronx,0,-73.91194,40.8432
247,Bronx,0,-73.91383,40.83864
247,Bronx,0,-73.91986,40.83195
247,Bronx,0,-73.92634,40.82058
247,Bronx,0,-73.92886,40.81488
247,Bronx,0,-73.93028,40.81325
247,Bronx,0,-73.93243,40.81412
247,Bronx,0,-73.93307,40.82816
247,Bronx,0,-73.9285,40.82935
247,Bronx,0,-73.92538,40.83263
247,Bronx,0,-73.92399,40.83505
247,Bronx,0,-73.91902,40.83838
247,Bronx,0,-73.91618,40.84233
247,Bronx,0,-73.91795,40.84223
247,Bronx,0,-73.91729,40.84511
247,Bronx,0,-73.91194,40.8432
248,Bronx,0,-73.86448,40.84109
248,Bronx,0,-73.86271,40.83299
248,Bronx,0,-73.8773,40.82874
248,Bronx,0,-73.88378,40.82827
248,Bronx,0,-73.8839,40.8298
248,Bronx,0,-73.88005,40.8347
248,Bronx,0,-73.87925,40.83442
248,Bronx,0,-73.87757,40.83582
248,Bronx,0,-73.87482,40.83686
248,Bronx,0,-73.87491,40.83736
248,Bronx,0,-73.8738,40.83745
248,Bronx,0,-73.87277,40.83975
248,Bronx,0,-73.86921,40.8396
248,Bronx,0,-73.86448,40.84109
249,Manhattan,0,-73.99684,40.73736
249,Manhattan,0,-74.00282,40.72836
249,Manhattan,0,-74.00709,40.72877
249,Manhattan,0,-74.00516,40.74086
249,Manhattan,0,-73.99684,40.73736
250,Bronx,0,-73.85052,40.84279
250,Bronx,0,-73.84458,40.83854
250,Bronx,0,-73.84204,40.84065
250,Bronx,0,-73.83936,40.84088
250,Bronx,0,-73.83972,40.83957
250,Bronx,0,-73.8403,40.83952
250,Bronx,0,-73.83959,40.83404
250,Bronx,0,-73.84276,40.83082
250,Bronx,0,-73.8429,40.82857
250,Bronx,0,-73.84391,40.82841
250,Bronx,0,-73.8429,40.82408
250,Bronx,0,-73.85514,40.82244
250,Bronx,0,-73.85739,40.8323
250,Bronx,0,-73.86034,40.83325
250,Bronx,0,-73.85168,40.8342
250,Bronx,0,-73.85334,40.84247
250,Bronx,0,-73.85052,40.84279
252,Queens,0,-73.8205,40.80101
252,Queens,0,-73.81368,40.79755
252,Queens,0,-73.8137,40.79708
252,Queens,0,-73.81342,40.79769
252,Queens,0,-73.81349,40.79706
252,Queens,0,-73.81288,40.79717
252,Queens,0,-73.81225,40.79813
252,Queens,0,-73.81161,40.79737
252,Queens,0,-73.80636,40.79639
252,Queens,0,-73.80623,40.79682
252,Queens,0,-73.8054,40.79617
252,Queens,0,-73.80012,40.79663
252,Queens,0,-73.79811,40.79561
252,Queens,0,-73.79758,40.79597
252,Queens,0,-73.79787,40.79555
252,Queens,0,-73.79713,40.7953
252,Queens,0,-73.79641,40.79573
252,Queens,0,-73.79671,40.7952
252,Queens,0,-73.79443,40.79481
252,Queens,0,-73.79498,40.79188
252,Queens,0,-73.79375,40.78906
252,Queens,0,-73.79339,40.78958
252,Queens,0,-73.79362,40.789
252,Queens,0,-73.79286,40.78879
252,Queens,0,-73.79179,40.78935
252,Queens,0,-73.79058,40.78819
252,Queens,0,-73.79582,40.78613
252,Queens,0,-73.80243,40.78607
252,Queens,0,-73.80379,40.77561
252,Queens,0,-73.81486,40.77649
252,Queens,0,-73.81453,40.77889
252,Queens,0,-73.82331,40.77958
252,Queens,0,-73.82224,40.78169
252,Queens,0,-73.8387,40.78168
252,Queens,0,-73.83824,40.78779
252,Queens,0,-73.84008,40.78785
252,Queens,0,-73.83992,40.79065
252,Queens,0,-73.83901,40.79062
252,Queens,0,-73.83896,40.79144
252,Queens,0,-73.84082,40.7915
252,Queens,0,-73.84068,40.79391
252,Queens,0,-73.83663,40.79252
252,Queens,0,-73.83653,40.79174
252,Queens,0,-73.83765,40.79103
252,Queens,0,-73.83682,40.79047
252,Queens,0,-73.83748,40.79043
252,Queens,0,-73.83728,40.78901
252,Queens,0,-73.83713,40.78956
252,Queens,0,-73.83568,40.78957
252,Queens,0,-73.8338,40.78852
252,Queens,0,-73.83251,40.78862
252,Queens,0,-73.83144,40.78918
252,Queens,0,-73.83215,40.79003
252,Queens,0,-73.83166,40.7911
252,Queens,0,-73.82837,40.7924
252,Queens,0,-73.82923,40.79302
252,Queens,0,-73.82829,40.79251
252,Queens,0,-73.82785,40.79309
252,Queens,0,-73.82801,40.79493
252,Queens,0,-73.82946,40.79682
252,Queens,0,-73.82742,40.79679
252,Queens,0,-73.82674,40.7978
252,Queens,0,-73.82506,40.79738
252,Queens,0,-73.8205,40.80101
253,Queens,0,-73.83908,40.76526
253,Queens,0,-73.8379,40.76459
253,Queens,0,-73.83679,40.76117
253,Queens,0,-73.83867,40.75702
253,Queens,0,-73.84324,40.75534
253,Queens,0,-73.84671,40.76135
253,Queens,0,-73.84307,40.76359
253,Queens,0,-73.84273,40.76463
253,Queens,0,-73.83908,40.76526
254,Bronx,0,-73.85248,40.87946
254,Bronx,0,-73.85092,40.87789
254,Bronx,0,-73.85255,40.87709
254,Bronx,0,-73.85069,40.87549
254,Bronx,0,-73.85364,40.8733
254,Bronx,0,-73.85651,40.87422
254,Bronx,0,-73.85661,40.87125
254,Bronx,0,-73.87056,40.87151
254,Bronx,0,-73.8702,40.87631
254,Bronx,0,-73.86605,40.88429
254,Bronx,0,-73.86621,40.88538
254,Bronx,0,-73.86071,40.89537
254,Bronx,0,-73.85696,40.89417
254,Bronx,0,-73.85736,40.89341
254,Bronx,0,-73.84591,40.88974
254,Bronx,0,-73.85248,40.87946
255,Brooklyn,0,-73.96176,40.72523
255,Brooklyn,0,-73.95772,40.72428
255,Brooklyn,0,-73.95478,40.72246
255,Brooklyn,0,-73.95165,40.72349
255,Brooklyn,0,-73.95065,40.72171
255,Brooklyn,0,-73.94908,40.72254
255,Brooklyn,0,-73.94842,40.71846
255,Brooklyn,0,-73.94721,40.71856
255,Brooklyn,0,-73.95348,40.71407
255,Brooklyn,0,-73.95434,40.71407
255,Brooklyn,0,-73.95548,40.71227
255,Brooklyn,0,-73.96736,40.71648
255,Brooklyn,0,-73.9666,40.71797
255,Brooklyn,0,-73.9673,40.71831
255,Brooklyn,0,-73.96653,40.71803
255,Brooklyn,0,-73.96588,40.71876
255,Brooklyn,0,-73.96663,40.71913
255,Brooklyn,0,-73.96654,40.71922
255,Brooklyn,0,-73.96553,40.7189
255,Brooklyn,0,-73.96537,40.72009
255,Brooklyn,0,-73.96436,40.72016
255,Brooklyn,0,-73.96468,40.72047
255,Brooklyn,0,-73.96409,40.72076
255,Brooklyn,0,-73.96505,40.72136
255,Brooklyn,0,-73.964,40.72094
255,Brooklyn,0,-73.96298,40.72203
255,Brooklyn,0,-73.96176,40.72523
256,Brooklyn,0,-73.96736,40.71648
256,Brooklyn,0,-73.95548,40.71227
256,Brooklyn,0,-73.95434,40.71407
256,Brooklyn,0,-73.94937,40.71407
256,Brooklyn,0,-73.94866,40.70972
256,Brooklyn,0,-73.95087,40.70951
256,Brooklyn,0,-73.95024,40.70547
256,Brooklyn,0,-73.9579,40.70843
256,Brooklyn,0,-73.95846,40.70725
256,Brooklyn,0,-73.96328,40.70773
256,Brooklyn,0,-73.96839,40.70683
256,Brooklyn,0,-73.96985,40.708
256,Brooklyn,0,-73.96956,40.7103
256,Brooklyn,0,-73.97001,40.71045
256,Brooklyn,0,-73.96847,40.71282
256,Brooklyn,0,-73.96884,40.71322
256,Brooklyn,0,-73.96736,40.71648
257,Brooklyn,0,-73.98223,40.66214
257,Brooklyn,0,-73.97437,40.65819
257,Brooklyn,0,-73.97233,40.6514
257,Brooklyn,0,-73.97266,40.65091
257,Brooklyn,0,-73.97211,40.65066
257,Brooklyn,0,-73.97084,40.64638
257,Brooklyn,0,-73.97464,40.64481
257,Brooklyn,0,-73.97483,40.64566
257,Brooklyn,0,-73.97777,40.64534
257,Brooklyn,0,-73.97819,40.64753
257,Brooklyn,0,-73.98029,40.6473
257,Brooklyn,0,-73.9818,40.65525
257,Brooklyn,0,-73.98843,40.65925
257,Brooklyn,0,-73.98688,40.66037
257,Brooklyn,0,-73.98509,40.65901
257,Brooklyn,0,-73.98223,40.66214
258,Queens,0,-73.84504,40.68932
258,Queens,0,-73.84419,40.68947
258,Queens,0,-73.8412,40.68335
258,Queens,0,-73.84787,40.68149
258,Queens,0,-73.85198,40.68256
258,Queens,0,-73.85099,40.68057
258,Queens,0,-73.85392,40.67969
258,Queens,0,-73.8582,40.67943
258,Queens,0,-73.85879,40.68063
258,Queens,0,-73.86335,40.67935
258,Queens,0,-73.8641,40.68237
258,Queens,0,-73.86603,40.68192
258,Queens,0,-73.86868,40.69403
258,Queens,0,-73.86842,40.69472
258,Queens,0,-73.85277,40.69756
258,Queens,0,-73.85271,40.69841
258,Queens,0,-73.85443,40.7006
258,Queens,0,-73.85071,40.7002
258,Queens,0,-73.84914,40.69828
258,Queens,0,-73.84504,40.68932
259,Bronx,0,-73.85107,40.91037
259,Bronx,0,-73.85348,40.90753
259,Bronx,0,-73.85092,40.90662
259,Bronx,0,-73.85017,40.90751
259,Bronx,0,-73.84482,40.90553
259,Bronx,0,-73.84489,40.90419
259,Bronx,0,-73.84139,40.90417
259,Bronx,0,-73.84068,40.90152
259,Bronx,0,-73.83919,40.89935
259,Bronx,0,-73.83965,40.89733
259,Bronx,0,-73.83839,40.89407
259,Bronx,0,-73.83738,40.89392
259,Bronx,0,-73.83555,40.88913
259,Bronx,0,-73.84705,40.88767
259,Bronx,0,-73.84591,40.88974
259,Bronx,0,-73.85736,40.89341
259,Bronx,0,-73.85696,40.89417
259,Bronx,0,-73.86071,40.89537
259,Bronx,0,-73.86136,40.89466
259,Bronx,0,-73.87049,40.89664
259,Bronx,0,-73.87712,40.89547
259,Bronx,0,-73.87482,40.89845
259,Bronx,0,-73.8701,40.90074
259,Bronx,0,-73.86789,40.90299
259,Bronx,0,-73.85947,40.90052
259,Bronx,0,-73.85886,40.90171
259,Bronx,0,-73.85958,40.90244
259,Bronx,0,-73.85816,40.90231
259,Bronx,0,-73.85711,40.90365
259,Bronx,0,-73.85718,40.90529
259,Bronx,0,-73.85601,40.90531
259,Bronx,0,-73.85681,40.90616
259,Bronx,0,-73.85424,40.90703
259,Bronx,0,-73.85374,40.90779
259,Bronx,0,-73.85471,40.90801
259,Bronx,0,-73.85459,40.90894
259,Bronx,0,-73.85296,40.91035
259,Bronx,0,-73.85227,40.90985
259,Bronx,0,-73.85107,40.91037
260,Queens,0,-73.90357,40.76578
260,Queens,0,-73.90147,40.75963
260,Queens,0,-73.89866,40.75992
260,Queens,0,-73.89968,40.7583
260,Queens,0,-73.89977,40.75666
260,Queens,0,-73.89481,40.74606
260,Queens,0,-73.89491,40.74428
260,Queens,0,-73.90058,40.73949
260,Queens,0,-73.90926,40.7364
260,Queens,0,-73.91069,40.73347
260,Queens,0,-73.90629,40.7324
260,Queens,0,-73.90517,40.73586
260,Queens,0,-73.90108,40.73391
260,Queens,0,-73.90712,40.72742
260,Queens,0,-73.91175,40.72991
260,Queens,0,-73.91205,40.72851
260,Queens,0,-73.91505,40.7286
260,Queens,0,-73.91507,40.72797
260,Queens,0,-73.91797,40.7285
260,Queens,0,-73.91734,40.73138
260,Queens,0,-73.91904,40.73201
260,Queens,0,-73.91759,40.73524
260,Queens,0,-73.9169,40.73544
260,Queens,0,-73.91652,40.73676
260,Queens,0,-73.91718,40.7369
260,Queens,0,-73.91651,40.73894
260,Queens,0,-73.91567,40.74078
260,Queens,0,-73.91443,40.74053
260,Queens,0,-73.91379,40.74251
260,Queens,0,-73.91194,40.74238
260,Queens,0,-73.91125,40.74578
260,Queens,0,-73.91245,40.74592
260,Queens,0,-73.91191,40.74811
260,Queens,0,-73.91164,40.74868
260,Queens,0,-73.91016,40.7485
260,Queens,0,-73.90945,40.75066
260,Queens,0,-73.91067,40.753
260,Queens,0,-73.90901,40.75428
260,Queens,0,-73.90632,40.75984
260,Queens,0,-73.90779,40.76052
260,Queens,0,-73.90357,40.76578
261,Manhattan,0,-74.01325,40.70587
261,Manhattan,0,-74.01327,40.70455
261,Manhattan,0,-74.01669,40.7048
261,Manhattan,0,-74.01375,40.71369
261,Manhattan,0,-74.0086,40.71139
261,Manhattan,0,-74.01325,40.70587
262,Manhattan,0,-73.94383,40.78286
262,Manhattan,0,-73.9436,40.78016
262,Manhattan,0,-73.94321,40.77932
262,Manhattan,0,-73.94272,40.77954
262,Manhattan,0,-73.94207,40.77692
262,Manhattan,0,-73.94293,40.77468
262,Manhattan,0,-73.94749,40.77012
262,Manhattan,0,-73.95269,40.77234
262,Manhattan,0,-73.94472,40.78325
262,Manhattan,0,-73.94383,40.78286
263,Manhattan,0,-73.94472,40.78325
263,Manhattan,0,-73.95269,40.77234
263,Manhattan,0,-73.95729,40.77428
263,Manhattan,0,-73.94933,40.78519
263,Manhattan,0,-73.94472,40.78325
